MSE,Euclidean Distance,Cosine Distance,L1 Distance,Pearson Correlation,Dot Product,Jaccard Similarity,Hamming Distance,Mahalanobis Distance
0.10629286617040634,1.4580320119857788,0.18485915660858154,5.206757545471191,0.32867714762687683,4.645245552062988,0.36363636363636365,7,2.8277041912078857
0.15877947211265564,1.7820183038711548,0.23420953750610352,6.210939407348633,0.1277005821466446,5.078801155090332,0.46153846153846156,7,2.8820931911468506
0.12697507441043854,1.5935813188552856,0.21737194061279297,6.511781692504883,-0.5807903409004211,4.563207626342773,0.10526315789473684,17,3.464038848876953
0.06615026295185089,1.1502196788787842,0.08707207441329956,4.058591365814209,0.7172760963439941,6.269721031188965,0.7272727272727273,3,2.8861167430877686
0.07615476101636887,1.2341374158859253,0.11971980333328247,4.496222972869873,0.4907629191875458,5.5407185554504395,0.6666666666666666,4,2.8710896968841553
0.043232910335063934,0.9298699498176575,0.07262182235717773,2.989964008331299,0.6548915505409241,5.520357131958008,0.5833333333333334,5,3.622654676437378
0.06616853922605515,1.1503784656524658,0.08639353513717651,4.231167793273926,0.738510251045227,6.275230884552002,0.8,2,2.9541897773742676
0.054015617817640305,1.0393807888031006,0.09440767765045166,3.6604766845703125,0.5283859968185425,4.966928482055664,0.5,5,2.857131242752075
0.09778370708227158,1.398454189300537,0.15444833040237427,4.912342071533203,0.589719295501709,5.307037830352783,0.7777777777777778,2,2.996941328048706
0.07641774415969849,1.2362664937973022,0.13524436950683594,4.37898588180542,0.09638042747974396,4.880069732666016,0.4,9,5.274656772613525
0.12734417617321014,1.595895767211914,0.22202003002166748,5.8950300216674805,0.3696831166744232,4.440790176391602,0.5454545454545454,5,2.8901031017303467
0.04475266858935356,0.9460726380348206,0.07712477445602417,3.54438853263855,0.42696601152420044,5.353716850280762,0.5,7,3.28889536857605
0.09102946519851685,1.3492921590805054,0.13186562061309814,4.740595817565918,0.5936616659164429,5.7518157958984375,0.7272727272727273,3,3.166203498840332
0.06731516122817993,1.1603031158447266,0.11588269472122192,4.168379783630371,0.49428707361221313,5.132735252380371,0.2857142857142857,10,3.2943224906921387
0.085884228348732,1.3106046915054321,0.14072906970977783,4.497979164123535,0.1269812434911728,5.1628265380859375,0.4,9,4.117834091186523
0.115306556224823,1.5185950994491577,0.1630803346633911,5.418428421020508,0.3140999972820282,5.662120819091797,0.5,6,2.9523656368255615
0.06179197505116463,1.1116831302642822,0.07821822166442871,4.1804609298706055,0.6489152908325195,6.2078537940979,0.6,6,3.3480136394500732
0.03210467845201492,0.8013073801994324,0.054324328899383545,2.8141047954559326,0.5709238648414612,5.525041103363037,0.7692307692307693,3,3.5854499340057373
0.09831992536783218,1.4022833108901978,0.1641223430633545,4.9925761222839355,-0.12625226378440857,4.979156017303467,0.3125,11,5.209030628204346
0.0549776665866375,1.048595905303955,0.08351373672485352,3.8376824855804443,0.11441386491060257,5.749766826629639,0.4444444444444444,10,4.009965896606445
0.039325129240751266,0.8868498206138611,0.04683661460876465,3.1865477561950684,0.8184548020362854,6.560057640075684,0.8,2,3.0037295818328857
0.15926794707775116,1.784757375717163,0.22420084476470947,6.260751247406006,0.09248929470777512,5.215826034545898,0.4666666666666667,8,3.288961410522461
0.04633718356490135,0.9626752734184265,0.08039402961730957,3.420297861099243,0.5742865800857544,5.061115264892578,0.5,5,2.857969045639038
0.07010745257139206,1.1841237545013428,0.11783736944198608,4.238593578338623,0.5586364269256592,5.245794773101807,0.6363636363636364,4,2.854340076446533
0.07175631076097488,1.197967529296875,0.11354482173919678,4.140895366668701,0.5056366920471191,5.5615739822387695,0.3076923076923077,9,3.201925277709961
0.08277434855699539,1.2866573333740234,0.13305377960205078,4.666666030883789,0.3728841245174408,5.311899185180664,0.46153846153846156,7,5.274656772613525
0.12867692112922668,1.6042251586914062,0.21467626094818115,5.563267707824707,0.13413242995738983,4.704316139221191,0.2857142857142857,10,3.450676202774048
0.04388800263404846,0.9368885159492493,0.07196515798568726,3.3063716888427734,0.7256587147712708,5.659521102905273,0.7272727272727273,3,2.7908849716186523
0.06179691106081009,1.1117275953292847,0.0841415524482727,3.973262071609497,0.5347301363945007,6.167217254638672,0.5833333333333334,5,3.9696834087371826
0.0797874853014946,1.2632298469543457,0.11191493272781372,4.55836296081543,0.6241804361343384,5.9736433029174805,0.5833333333333334,5,2.895141124725342
0.043943990021944046,0.9374858736991882,0.06261622905731201,3.3722519874572754,0.7462069988250732,6.165245532989502,0.7272727272727273,3,2.8446426391601562
0.031488087028265,0.7935752868652344,0.05356478691101074,2.671069622039795,0.39808163046836853,5.557039260864258,0.5333333333333333,7,4.1890482902526855
0.04767201468348503,0.9764426946640015,0.07695245742797852,3.5119848251342773,0.6324902772903442,5.692424774169922,0.5833333333333334,5,2.977574348449707
0.13115692138671875,1.6196105480194092,0.20973289012908936,5.189155101776123,0.38539421558380127,4.926128387451172,0.5555555555555556,4,3.0395419597625732
0.06415164470672607,1.1327104568481445,0.11589682102203369,3.930440902709961,0.1417374312877655,4.853132724761963,0.35714285714285715,9,5.234652042388916
0.08255429565906525,1.2849458456039429,0.14140820503234863,4.7069993019104,0.09433521330356598,5.006659030914307,0.26666666666666666,11,5.06119966506958
0.02455427311360836,0.7007749080657959,0.04177653789520264,2.537749767303467,0.667405366897583,5.4900641441345215,0.5384615384615384,6,4.228846549987793
0.1929684728384018,1.9645277261734009,0.34739673137664795,7.020444869995117,-0.6751054525375366,3.6235344409942627,0.16666666666666666,15,3.734135150909424
0.025861455127596855,0.7191864252090454,0.0419309139251709,2.726327896118164,0.44638198614120483,5.759958267211914,0.6,6,5.240899562835693
0.07215958088636398,1.2013291120529175,0.12924134731292725,4.035521030426025,0.44168365001678467,4.853702545166016,0.3076923076923077,9,4.610687255859375
0.0903712660074234,1.344405174255371,0.15541189908981323,5.024604797363281,-0.36172911524772644,4.909267425537109,0.4117647058823529,10,5.274656772613525
0.07544020563364029,1.228333830833435,0.11868762969970703,4.849204063415527,0.2678603231906891,5.541413307189941,0.46153846153846156,7,2.896683692932129
0.021547406911849976,0.6564664244651794,0.029231905937194824,2.2943246364593506,0.8552564978599548,6.32573938369751,0.5833333333333334,5,2.955305576324463
0.08787234127521515,1.325687289237976,0.147621750831604,5.324478626251221,-0.17426906526088715,5.067989349365234,0.35294117647058826,11,2.92069935798645
0.027458935976028442,0.7410659193992615,0.035364747047424316,2.6478590965270996,0.8782690167427063,6.444388389587402,0.8,2,2.9291598796844482
0.0445992648601532,0.9444497227668762,0.07393443584442139,3.3424134254455566,0.6878805756568909,5.583454608917236,0.7272727272727273,3,2.9958455562591553
0.0705900639295578,1.188192367553711,0.1179196834564209,4.563632011413574,-0.08553709089756012,5.252568244934082,0.5,8,5.274656772613525
0.05453836917877197,1.0443980693817139,0.09487062692642212,3.6964309215545654,0.5502719879150391,5.066973686218262,0.5,5,2.8700101375579834
0.05599857121706009,1.0582870244979858,0.09425699710845947,3.572624921798706,0.552605926990509,5.379406929016113,0.45454545454545453,6,3.038775682449341
0.04270203784108162,0.9241432547569275,0.05753439664840698,3.221832275390625,0.7797779440879822,6.294864654541016,0.7272727272727273,3,3.079096555709839
0.04562809690833092,0.9552810788154602,0.07029980421066284,3.31917405128479,0.7063679099082947,5.885056495666504,0.7272727272727273,3,3.0771372318267822
0.06480354070663452,1.138451099395752,0.08825963735580444,3.8463528156280518,0.6094793677330017,6.204842567443848,0.8,2,2.896254301071167
0.026526886969804764,0.7283802032470703,0.036849915981292725,2.5180559158325195,0.8729338049888611,6.330293655395508,0.8,2,2.8845832347869873
0.09476681798696518,1.3767122030258179,0.16561949253082275,4.84901237487793,0.37015822529792786,4.741168975830078,0.4166666666666667,7,3.0530827045440674
0.14618025720119476,1.709855318069458,0.20846807956695557,6.069850921630859,0.11484213918447495,5.2814788818359375,0.5,8,3.269639253616333
0.058372613042593,1.0804870128631592,0.1023591160774231,3.8767127990722656,0.49769702553749084,4.934001445770264,0.5,5,3.0870611667633057
0.10017824172973633,1.4154733419418335,0.16659432649612427,5.30404806137085,-0.09481574594974518,4.98068904876709,0.3125,11,5.22036075592041
0.026639271527528763,0.7299215197563171,0.04310810565948486,2.4574029445648193,0.8069651126861572,5.866401672363281,0.7272727272727273,3,2.9131553173065186
0.08302464336156845,1.2886011600494385,0.11709988117218018,4.713558673858643,0.5925732851028442,6.024979591369629,0.5833333333333334,5,2.5932905673980713
0.07300364226102829,1.2083346843719482,0.12225842475891113,4.3301286697387695,0.11772210150957108,5.240281581878662,0.5,6,3.10671067237854
0.07775547355413437,1.2470402717590332,0.1329437494277954,4.474246025085449,0.4132949113845825,5.057210922241211,0.36363636363636365,7,2.9106650352478027
0.013622964732348919,0.5219763517379761,0.020327448844909668,1.7732985019683838,0.8682038187980652,6.04704475402832,0.7142857142857143,4,3.2610952854156494
0.031652845442295074,0.7956486940383911,0.04986870288848877,2.8085131645202637,0.7411951422691345,5.958012580871582,0.8,2,2.98545241355896
0.1430758237838745,1.6916017532348633,0.23252546787261963,5.413865089416504,0.07626985758543015,4.719568729400635,0.4166666666666667,7,2.830503463745117
0.03780600056052208,0.8695515990257263,0.06407320499420166,3.317300319671631,0.21608315408229828,5.494792938232422,0.4375,9,5.2102789878845215
0.09476882219314575,1.376726746559143,0.15345895290374756,4.4960784912109375,0.5007116198539734,5.211541652679443,0.6666666666666666,3,3.0046935081481934
0.09047863632440567,1.3452036380767822,0.12937480211257935,4.879227638244629,0.4792424738407135,5.902837753295898,0.5,6,2.5864100456237793
0.10764724016189575,1.4672917127609253,0.17857658863067627,5.688178062438965,-0.45341792702674866,4.908252716064453,0.2631578947368421,14,4.214897155761719
0.08376356214284897,1.2943227291107178,0.1265518069267273,4.573172569274902,0.6046975255012512,5.643389701843262,0.7272727272727273,3,3.4744272232055664
0.06575440615415573,1.146772861480713,0.10752445459365845,4.571152210235596,-0.26909419894218445,5.3976640701293945,0.3333333333333333,12,5.24982213973999
0.03479072079062462,0.8341549038887024,0.05011934041976929,2.998237133026123,0.744071364402771,6.197014808654785,0.8461538461538461,2,4.418308734893799
0.11203136295080185,1.4968725442886353,0.17152905464172363,6.280937194824219,-0.35141125321388245,5.313381195068359,0.3333333333333333,12,4.391208171844482
0.04578808322548866,0.9569543600082397,0.0771864652633667,3.2788562774658203,0.5958722233772278,5.474254608154297,0.6923076923076923,4,4.089842796325684
0.02828858606517315,0.7521779537200928,0.043275415897369385,2.846989154815674,0.8495638370513916,6.0438055992126465,0.8,2,2.8891894817352295
0.09930533915758133,1.4092930555343628,0.17446798086166382,4.883047580718994,0.2699466049671173,4.606749057769775,0.36363636363636365,7,2.8525962829589844
0.02415158413350582,0.6950048208236694,0.035771191120147705,2.2996444702148438,0.8525894284248352,6.151049613952637,0.7272727272727273,3,2.92110538482666
0.031181901693344116,0.7897075414657593,0.05139273405075073,2.6788628101348877,0.7844846248626709,5.746516227722168,0.8,2,2.930454730987549
0.03881782293319702,0.8811109066009521,0.060860276222229004,3.0119524002075195,0.7197239398956299,5.917405605316162,0.8,2,2.930330753326416
0.03364884853363037,0.8203517198562622,0.051267147064208984,2.7514209747314453,0.8040874004364014,6.080451488494873,0.7272727272727273,3,2.7003014087677
0.05959587171673775,1.091749668121338,0.09427416324615479,3.8381567001342773,0.6091824769973755,5.678437232971191,0.38461538461538464,8,3.0551726818084717
0.05579565092921257,1.0563678741455078,0.09804236888885498,3.80417799949646,0.5143703818321228,5.0775065422058105,0.3333333333333333,8,3.4037559032440186
0.025515874847769737,0.7143651247024536,0.044019341468811035,2.4986579418182373,0.4340239465236664,5.537602424621582,0.5,7,5.274656772613525
0.06048232316970825,1.0998393297195435,0.10641747713088989,4.104074478149414,0.4865547716617584,4.688736915588379,0.3,7,3.292574644088745
0.022495964542031288,0.6707602143287659,0.0355072021484375,2.3408138751983643,0.8382558226585388,5.99509334564209,0.7272727272727273,3,3.02138090133667
0.06079302355647087,1.1026606559753418,0.10292989015579224,3.9372196197509766,0.49747106432914734,5.263466835021973,0.5,6,3.0506296157836914
0.042059898376464844,0.9171684384346008,0.06296002864837646,3.285367012023926,0.7742298245429993,6.009654998779297,0.8,2,2.9740331172943115
0.0559423454105854,1.0577555894851685,0.08918654918670654,3.7986984252929688,0.687282383441925,5.664264678955078,0.7272727272727273,3,2.897327423095703
0.04945240542292595,0.9945089817047119,0.08313310146331787,3.7766847610473633,0.23272298276424408,5.408588886260986,0.47058823529411764,9,3.5015594959259033
0.0790107399225235,1.2570658922195435,0.12305891513824463,4.678762435913086,-0.06267352402210236,5.453975677490234,0.3157894736842105,13,3.4382681846618652
0.09759675711393356,1.3971166610717773,0.15655004978179932,5.13822603225708,0.39878347516059875,5.219773769378662,0.5,7,5.023948669433594
0.08428726345300674,1.2983624935150146,0.1448686122894287,4.541196823120117,0.4547354578971863,4.926408767700195,0.4,6,2.8669216632843018
0.02331993728876114,0.6829339265823364,0.03478384017944336,2.3047361373901367,0.8743599653244019,6.135340690612793,0.7272727272727273,3,2.910228967666626
0.06803637742996216,1.1665022373199463,0.10244321823120117,3.961941719055176,0.6152908205986023,5.790783882141113,0.8,2,3.1803388595581055
0.09657401591539383,1.3897770643234253,0.14957642555236816,4.49549674987793,0.5510490536689758,5.419315814971924,0.7,3,2.9218149185180664
0.06859114021062851,1.1712483167648315,0.10329842567443848,3.9332213401794434,0.6191656589508057,5.7991790771484375,0.7272727272727273,3,2.8954694271087646
0.06768716126680374,1.163504719734192,0.095675528049469,4.222774505615234,0.6764353513717651,6.045072078704834,0.7272727272727273,3,2.8801827430725098
0.08334560692310333,1.2910895347595215,0.12424933910369873,4.34600830078125,0.5425929427146912,5.705198287963867,0.7272727272727273,3,2.8956894874572754
0.023659277707338333,0.6878848075866699,0.03328222036361694,2.2067666053771973,0.8458735346794128,6.2588043212890625,0.7272727272727273,3,3.003732919692993
0.10445725917816162,1.445387601852417,0.16295862197875977,5.95255184173584,-0.39967024326324463,5.2453389167785645,0.2777777777777778,13,5.274656772613525
0.03235528618097305,0.8044288158416748,0.052112698554992676,2.7402656078338623,0.7513014674186707,5.85294771194458,0.7272727272727273,3,3.299818754196167
0.06387319415807724,1.1302493810653687,0.1143755316734314,4.03579044342041,0.3229888081550598,4.933264255523682,0.35714285714285715,9,5.1690754890441895
0.12246940284967422,1.5650520324707031,0.1974393129348755,5.2628936767578125,-0.3871046006679535,4.924849510192871,0.29411764705882354,12,5.274656772613525
0.12895135581493378,1.605934977531433,0.20052039623260498,5.085285186767578,0.4126778244972229,5.087469577789307,0.5555555555555556,4,3.00095796585083
0.07151854038238525,1.1959811449050903,0.12004584074020386,4.34397554397583,0.47817865014076233,5.24237060546875,0.2727272727272727,8,3.0070512294769287
0.12692700326442719,1.5932796001434326,0.20533180236816406,6.4885358810424805,-0.40980711579322815,4.897823810577393,0.17647058823529413,14,3.9370927810668945
0.01942785643041134,0.6233435273170471,0.02790755033493042,2.3600072860717773,0.885155975818634,6.240628242492676,0.8,2,2.872192144393921
0.08559522032737732,1.308397650718689,0.1519598364830017,4.813886642456055,0.38359203934669495,4.672235488891602,0.36363636363636365,7,3.1139767169952393
0.03812688589096069,0.8732340335845947,0.059911251068115234,2.826164722442627,0.714697539806366,5.877908229827881,0.5833333333333334,5,2.953744411468506
0.23632898926734924,2.174069881439209,0.3347095251083374,7.990141868591309,-0.16968196630477905,4.512369155883789,0.375,10,5.274656772613525
0.123496413230896,1.5716005563735962,0.18484115600585938,6.4018144607543945,-0.27140092849731445,5.25743293762207,0.3333333333333333,12,5.274656772613525
0.1089327335357666,1.4760266542434692,0.1665860414505005,4.918143272399902,0.5206164121627808,5.359340667724609,0.6666666666666666,3,3.0842273235321045
0.039556827396154404,0.8894585371017456,0.06482058763504028,3.203738212585449,0.7335196137428284,5.689197540283203,0.7272727272727273,3,3.0442099571228027
0.11321967095136642,1.504790186882019,0.1772785782814026,6.232084274291992,-0.3449321985244751,5.20184326171875,0.2777777777777778,13,3.879023551940918
0.14231353998184204,1.687089443206787,0.20121550559997559,5.888685703277588,0.3668915629386902,5.543712139129639,0.46153846153846156,7,3.213690996170044
0.046882566064596176,0.9683239459991455,0.07031857967376709,3.4611189365386963,0.7338330745697021,6.015101432800293,0.7272727272727273,3,3.11928391456604
0.10291405022144318,1.4346710443496704,0.1714181900024414,5.803470611572266,-0.6124659180641174,4.953229904174805,0.16666666666666666,15,5.270937442779541
0.06305427849292755,1.1229805946350098,0.11113429069519043,4.008587837219238,0.47744497656822205,4.903572082519531,0.3,7,2.9327638149261475
0.08381831645965576,1.294745683670044,0.14619964361190796,4.692515850067139,0.38328009843826294,4.894827842712402,0.2857142857142857,10,3.3078854084014893
0.018439440056681633,0.6072798371315002,0.02489948272705078,2.269594192504883,0.915610134601593,6.338372230529785,0.8888888888888888,1,3.053230047225952
0.10090630501508713,1.420607566833496,0.13709616661071777,4.8138747215271,0.5234271883964539,6.050101280212402,0.7272727272727273,3,2.604296922683716
0.06686610728502274,1.1564264297485352,0.10516804456710815,4.0912370681762695,0.5766353607177734,5.625391483306885,0.6363636363636364,4,2.878507137298584
0.02847452275454998,0.7546458840370178,0.03995048999786377,2.5382556915283203,0.8183738589286804,6.2574334144592285,0.7272727272727273,3,2.893092393875122
0.049915146082639694,0.9991510510444641,0.08318686485290527,3.2754740715026855,0.6576890349388123,5.500781536102295,0.6363636363636364,4,2.975299835205078
0.031675707548856735,0.7959360480308533,0.05274021625518799,2.703523874282837,0.8042432069778442,5.686943054199219,0.7,3,2.9970862865448
0.03723900392651558,0.8630064129829407,0.06406176090240479,3.120678424835205,0.4073891043663025,5.421840667724609,0.5,7,3.540449380874634
0.07459551095962524,1.2214378118515015,0.1384814977645874,4.311924457550049,0.0728626623749733,4.504111289978027,0.26666666666666666,11,5.052149295806885
0.1078546866774559,1.4687048196792603,0.1870640516281128,5.606982707977295,-0.19285939633846283,4.686392784118652,0.3125,11,5.084371566772461
0.16648262739181519,1.8247334957122803,0.28031957149505615,6.278928756713867,0.02864873595535755,4.273013114929199,0.3333333333333333,8,2.8714303970336914
0.08002058416604996,1.2650737762451172,0.12390094995498657,4.5974345207214355,0.41028472781181335,5.550836563110352,0.5833333333333334,5,3.7895278930664062
0.006435226183384657,0.35875412821769714,0.008426129817962646,1.4105604887008667,0.9683907628059387,6.332339286804199,0.9,1,2.819944143295288
0.03682606667280197,0.858208179473877,0.06270664930343628,2.9596786499023438,0.6633272171020508,5.1804094314575195,0.5,5,2.8230960369110107
0.040991198271512985,0.9054413437843323,0.06936067342758179,3.1458916664123535,0.6235536932945251,5.0998029708862305,0.5,5,2.876082420349121
0.0458223782479763,0.9573126435279846,0.08378660678863525,3.4240951538085938,0.5041119456291199,4.971377372741699,0.35714285714285715,9,3.723245143890381
0.03730122372508049,0.8637270331382751,0.054600298404693604,3.0643794536590576,0.7297900319099426,5.797427177429199,0.5333333333333333,7,4.399795055389404
0.06868636608123779,1.1720610857009888,0.1137533187866211,4.549633979797363,-0.16975216567516327,5.344428539276123,0.4117647058823529,10,3.8975789546966553
0.03531120344996452,0.8403713703155518,0.06023859977722168,2.9087295532226562,0.6573143005371094,5.280409812927246,0.45454545454545453,6,3.194967269897461
0.013716640882194042,0.52376788854599,0.016703546047210693,1.6963903903961182,0.95163494348526,6.441667556762695,0.8888888888888888,1,3.6291589736938477
0.017845777794718742,0.5974240899085999,0.028921127319335938,2.178691864013672,0.8952008485794067,5.9507904052734375,0.6363636363636364,4,2.895996332168579
0.020088298246264458,0.63385009765625,0.030612647533416748,2.3480470180511475,0.8985411524772644,6.110898971557617,0.9,1,2.8554983139038086
0.038244884461164474,0.8745843172073364,0.06223982572555542,3.3945815563201904,0.019478240981698036,5.650425910949707,0.47058823529411764,9,5.220820903778076
0.017220521345734596,0.5868648886680603,0.02641242742538452,2.015735149383545,0.8726617693901062,5.95756721496582,0.9166666666666666,1,3.280733585357666
0.014611363410949707,0.5405805110931396,0.02270209789276123,1.9608505964279175,0.9068077802658081,6.097947120666504,0.8,2,2.8586747646331787
0.058910585939884186,1.0854545831680298,0.10216069221496582,3.875497817993164,0.5410146713256836,5.1232099533081055,0.5454545454545454,5,3.484387159347534
0.05443945527076721,1.0434505939483643,0.09190571308135986,3.8366451263427734,0.44362661242485046,5.363821029663086,0.6428571428571429,5,3.284005641937256
0.1553070843219757,1.7624249458312988,0.21561425924301147,6.3006911277771,0.14171074330806732,5.413651943206787,0.5714285714285714,6,4.2898430824279785
0.010019518435001373,0.44764983654022217,0.012851238250732422,1.699161171913147,0.9411813616752625,6.4715657234191895,0.8333333333333334,2,3.0680365562438965
0.011766082607209682,0.4850996136665344,0.01776975393295288,1.7444517612457275,0.9257484078407288,6.198537826538086,0.9,1,2.8585023880004883
0.006559096276760101,0.36219045519828796,0.009725868701934814,1.2132925987243652,0.959823727607727,6.221240520477295,1.0,0,2.8526394367218018
0.07855074107646942,1.253401279449463,0.1295870542526245,4.695523262023926,0.3457813858985901,5.239007949829102,0.42857142857142855,8,3.278146982192993
0.04524294286966324,0.9512406587600708,0.07641947269439697,3.3127083778381348,0.619631290435791,5.271292686462402,0.45454545454545453,6,3.2315356731414795
0.04095587134361267,0.905051052570343,0.07056927680969238,3.096336841583252,0.3339651823043823,5.389344215393066,0.375,10,5.034759044647217
0.016323911026120186,0.5713827013969421,0.025600194931030273,2.078204393386841,0.9056134819984436,6.100292205810547,0.8,2,2.995142936706543
0.07409613579511642,1.217342495918274,0.12237393856048584,4.003454685211182,0.18989162147045135,5.265317440032959,0.4,9,5.077467918395996
0.04314042255282402,0.9288748502731323,0.07321739196777344,3.401015281677246,0.6425166726112366,5.443385124206543,0.75,3,3.3435261249542236
0.059109460562467575,1.0872852802276611,0.07787096500396729,3.6103153228759766,0.6898757219314575,6.301402568817139,0.7272727272727273,3,2.8675174713134766
0.01983947865664959,0.6299123167991638,0.028872013092041016,2.047954559326172,0.8115185499191284,5.937473297119141,0.8333333333333334,2,3.771963357925415
0.04083067923784256,0.9036667346954346,0.06900608539581299,3.24455189704895,0.6409320831298828,5.425306797027588,0.5833333333333334,5,3.071251392364502
0.041324254125356674,0.9091122150421143,0.06724059581756592,3.267204523086548,0.6848046183586121,5.7075347900390625,0.5833333333333334,5,3.447878837585449
0.037511471658945084,0.8661578297615051,0.06349682807922363,3.099324941635132,0.6406731009483337,5.16789436340332,0.5454545454545454,5,2.8466835021972656
0.04013330489397049,0.8959163427352905,0.05520009994506836,2.9908580780029297,0.6623592376708984,6.203564167022705,0.7272727272727273,3,3.4291839599609375
0.01791883446276188,0.5986456871032715,0.02865123748779297,2.189177989959717,0.8772574663162231,6.037926197052002,0.7272727272727273,3,2.9073684215545654
0.041376907378435135,0.9096912145614624,0.06770855188369751,3.5222208499908447,0.7130569815635681,5.595124244689941,0.6153846153846154,5,3.3552958965301514
0.013477766886353493,0.5191872119903564,0.02115607261657715,1.9007443189620972,0.9273321628570557,6.071911811828613,0.8888888888888888,1,2.8649234771728516
0.10713982582092285,1.4638293981552124,0.17723876237869263,4.860332489013672,0.16695049405097961,4.973391532897949,0.4166666666666667,7,2.853736400604248
0.007259784732013941,0.38104552030563354,0.010124564170837402,1.2504867315292358,0.9621253609657288,6.225722789764404,0.8888888888888888,1,3.036407232284546
0.00946526974439621,0.43509238958358765,0.015635013580322266,1.5767065286636353,0.9394761919975281,5.958334922790527,1.0,0,2.830009937286377
0.06444580852985382,1.1353044509887695,0.10031908750534058,4.316105842590332,0.3696746528148651,5.601388931274414,0.46153846153846156,7,5.274656772613525
0.011120438575744629,0.47160235047340393,0.014988124370574951,1.858031988143921,0.9547452330589294,6.368931770324707,0.9,1,2.836703300476074
0.013427472673356533,0.5182175636291504,0.019863367080688477,1.7966790199279785,0.926587700843811,6.172213554382324,0.8888888888888888,1,2.9702932834625244
0.10219184309244156,1.4296282529830933,0.1522834300994873,5.523436069488525,-0.15233075618743896,5.458704948425293,0.35294117647058826,11,4.986236095428467
0.080177441239357,1.266313076019287,0.1151546835899353,4.105508804321289,0.5851691961288452,5.874164581298828,0.8,2,2.9186902046203613
0.020480632781982422,0.640009880065918,0.034014880657196045,2.1548423767089844,0.8694512248039246,5.815443992614746,0.8,2,3.173109769821167
0.017676053568720818,0.594576358795166,0.02881622314453125,2.207634449005127,0.6430502533912659,5.803349018096924,0.6,6,5.268560886383057
0.053483571857213974,1.034249186515808,0.09217780828475952,3.734900951385498,0.5511359572410583,5.151393890380859,0.36363636363636365,7,2.835444211959839
0.0579625628888607,1.0766853094100952,0.10306316614151001,3.8740382194519043,0.41029128432273865,5.030930519104004,0.35714285714285715,9,5.00437068939209
0.007147664669901133,0.37809163331985474,0.010615825653076172,1.401179552078247,0.9656660556793213,6.176572799682617,1.0,0,2.8901329040527344
0.07077335566282272,1.1897341012954712,0.10945630073547363,4.264242172241211,0.5355839729309082,5.575655937194824,0.6153846153846154,5,4.117941379547119
0.03384685516357422,0.8227618932723999,0.05283927917480469,3.033263921737671,0.8055275678634644,5.938231468200684,0.6666666666666666,4,2.8938515186309814
0.05399944260716438,1.0392251014709473,0.0928763747215271,3.676863670349121,0.5375983119010925,5.090217113494873,0.36363636363636365,7,2.864311695098877
0.01890670880675316,0.6149261593818665,0.0311279296875,2.077460765838623,0.8414938449859619,5.729349613189697,0.8333333333333334,2,3.3609116077423096
0.017038581892848015,0.5837564468383789,0.029968738555908203,2.0945520401000977,0.7792344689369202,5.149247169494629,0.75,3,3.4413928985595703
0.022458231076598167,0.6701974272727966,0.032406389713287354,2.3859963417053223,0.8533739447593689,6.146348476409912,0.7272727272727273,3,3.4955930709838867
0.009758380241692066,0.441777765750885,0.015382766723632812,1.5963221788406372,0.9489601254463196,6.105245113372803,1.0,0,2.8327841758728027
0.020602693781256676,0.6419142484664917,0.026838064193725586,2.387032985687256,0.8872722387313843,6.405599117279053,0.6666666666666666,4,2.8739519119262695
0.024197785183787346,0.6956692337989807,0.039592862129211426,2.5603809356689453,0.8147048950195312,5.865678310394287,0.75,3,3.1512181758880615
0.01334545947611332,0.5166325569152832,0.01694512367248535,1.916902780532837,0.954271137714386,6.393288612365723,0.8888888888888888,1,2.896509885787964
0.1296839416027069,1.6104902029037476,0.19229072332382202,5.881900787353516,0.2593104839324951,5.323883533477783,0.38461538461538464,8,2.9479849338531494
0.013148021884262562,0.5127967000007629,0.02124619483947754,1.8965771198272705,0.9416345357894897,5.9976420402526855,0.8,2,2.8446314334869385
0.0239543654024601,0.6921613216400146,0.03554856777191162,2.462803363800049,0.6304070949554443,5.991067886352539,0.5,7,5.274656772613525
0.03248625993728638,0.8060553073883057,0.05377990007400513,2.8178207874298096,0.7421588897705078,5.714425563812256,0.5833333333333334,5,3.0150628089904785
0.014369303360581398,0.536083996295929,0.018606841564178467,1.7467387914657593,0.9440092444419861,6.404190540313721,0.9,1,2.837261438369751
0.010264557786285877,0.4530906677246094,0.016444802284240723,1.7104988098144531,0.9396513104438782,6.0413360595703125,0.9,1,2.851142644882202
0.04572106525301933,0.9562537670135498,0.07986056804656982,3.415623188018799,0.5156304240226746,5.165323257446289,0.45454545454545453,6,3.891644239425659
0.038956787437200546,0.8826866149902344,0.06620746850967407,3.1358790397644043,0.6235533952713013,5.409696578979492,0.5,6,3.0835931301116943
0.008358912542462349,0.40887436270713806,0.013304471969604492,1.4380149841308594,0.94537752866745,6.097076892852783,1.0,0,2.8573694229125977
0.045222293585538864,0.9510235786437988,0.06740403175354004,3.8363771438598633,0.7265220284461975,5.88095760345459,0.5714285714285714,6,3.282325267791748
0.00933888554573059,0.432177871465683,0.012244224548339844,1.5584723949432373,0.9560531973838806,6.19407320022583,0.8333333333333334,2,4.367468357086182
0.021874548867344856,0.6614310145378113,0.03275096416473389,2.477595090866089,0.9135391712188721,5.915584564208984,0.9166666666666666,1,3.557025194168091
0.027153586968779564,0.7369340062141418,0.03689372539520264,2.3839426040649414,0.8941943049430847,6.112405776977539,0.9166666666666666,1,3.3536219596862793
0.11588218063116074,1.5223809480667114,0.1731090545654297,5.928489685058594,-0.32734790444374084,5.342182159423828,0.3125,11,5.194275856018066
0.022299928590655327,0.6678312420845032,0.03415226936340332,2.3332409858703613,0.7303577661514282,6.043091297149658,0.75,3,3.4362964630126953
0.01470877230167389,0.5423794388771057,0.02405369281768799,1.8388053178787231,0.9057168364524841,5.962702751159668,0.8888888888888888,1,2.8647618293762207
0.010231518186628819,0.4523608684539795,0.011739969253540039,1.760954737663269,0.875436544418335,6.1993255615234375,0.7142857142857143,4,5.22157096862793
0.006974743213504553,0.3734901249408722,0.009632706642150879,1.318734884262085,0.965243399143219,6.279848098754883,0.9,1,2.8326797485351562
0.0543842576444149,1.0429214239120483,0.07863205671310425,3.7834255695343018,0.6644564270973206,6.051300048828125,0.6666666666666666,4,2.8907339572906494
0.016451528295874596,0.573611855506897,0.025432229042053223,2.0291600227355957,0.8872259855270386,5.920039653778076,0.6923076923076923,4,3.3361072540283203
0.005454414989799261,0.3302851915359497,0.006891846656799316,1.1176321506500244,0.9691011309623718,6.290900230407715,0.8888888888888888,1,3.058140516281128
0.02898979000747204,0.7614431977272034,0.04546225070953369,2.71366548538208,0.8014023900032043,5.963073253631592,0.8181818181818182,2,2.9080448150634766
0.017700230702757835,0.5949828624725342,0.029391467571258545,1.9990160465240479,0.8953990936279297,5.844965934753418,0.8888888888888888,1,2.827632188796997
0.0194734837859869,0.6240750551223755,0.03021562099456787,2.1594934463500977,0.8726972341537476,6.0496721267700195,0.8,2,3.244489908218384
0.06391265988349915,1.130598545074463,0.10990399122238159,4.033536911010742,0.46520888805389404,5.171333312988281,0.2857142857142857,10,3.314396619796753
0.007655469235032797,0.39129194617271423,0.01270449161529541,1.4879319667816162,0.9149138331413269,5.939150810241699,1.0,0,3.0980167388916016
0.10087203234434128,1.4203662872314453,0.17731845378875732,5.007389068603516,0.3590116798877716,4.679484844207764,0.2857142857142857,10,3.316394329071045
0.04249292612075806,0.9218777418136597,0.07117342948913574,3.390643358230591,0.7179996371269226,5.541841506958008,0.6363636363636364,4,2.9022281169891357
0.05370726063847542,1.0364097356796265,0.08232247829437256,3.5451912879943848,0.5031229257583618,5.6728715896606445,0.5714285714285714,6,3.579685926437378
0.02920299768447876,0.764238178730011,0.04102456569671631,2.683678388595581,0.8184109330177307,6.242407321929932,0.6666666666666666,4,3.030712366104126
0.013525416143238544,0.520104169845581,0.02144521474838257,1.8667144775390625,0.9041224718093872,6.098937511444092,0.9090909090909091,1,2.908769369125366
0.04569856449961662,0.9560184478759766,0.062405288219451904,3.3276889324188232,0.7694509029388428,6.262089729309082,0.7272727272727273,3,2.895043134689331
0.005521174520254135,0.3323003053665161,0.007959544658660889,1.1513755321502686,0.9793484210968018,6.182941436767578,0.8888888888888888,1,3.000739574432373
0.04972224310040474,0.9972185492515564,0.06451988220214844,3.8422460556030273,0.5656866431236267,6.439409255981445,0.4,9,2.995126724243164
0.016789862886071205,0.5794801712036133,0.027403593063354492,1.9604289531707764,0.8994582891464233,5.9412841796875,0.8888888888888888,1,2.8240692615509033
0.04777500778436661,0.977496862411499,0.06369972229003906,3.2572131156921387,0.7216075658798218,6.344600677490234,0.7,3,2.9823458194732666
0.036263395100831985,0.8516266345977783,0.05908703804016113,2.972050666809082,0.7209771275520325,5.749240875244141,0.5833333333333334,5,3.365866184234619
0.08807718753814697,1.3272316455841064,0.1500348448753357,4.904623985290527,0.046469151973724365,4.987360954284668,0.35294117647058826,11,4.602362155914307
0.010271772742271423,0.45324987173080444,0.015858471393585205,1.6289341449737549,0.9377696514129639,6.141041278839111,1.0,0,2.831590175628662
0.05155348777770996,1.0154160261154175,0.08365905284881592,3.2024476528167725,0.15681785345077515,5.608265399932861,0.4666666666666667,8,4.540609836578369
0.02640274167060852,0.7266738414764404,0.04287612438201904,2.7235941886901855,0.8390411138534546,5.8856201171875,0.9,1,2.943575859069824
0.03213942050933838,0.8017408847808838,0.050181686878204346,2.886281967163086,0.7705084085464478,5.993647575378418,0.7272727272727273,3,2.846834659576416
0.011953133158385754,0.4889403283596039,0.02005213499069214,1.6550463438034058,0.89849853515625,5.808479309082031,0.8888888888888888,1,2.899127960205078
0.048881858587265015,0.9887553453445435,0.0864681601524353,3.4326274394989014,0.5001341104507446,5.007412910461426,0.4166666666666667,7,3.3708131313323975
0.03902433067560196,0.883451521396637,0.06586694717407227,3.0104076862335205,0.6449009776115417,5.17189884185791,0.5,5,2.9786293506622314
0.0761883482336998,1.2344095706939697,0.13329851627349854,4.57968282699585,0.46893057227134705,4.860752105712891,0.45454545454545453,6,3.44815993309021
0.0296162161976099,0.7696260809898376,0.047677040100097656,2.6401901245117188,0.43499326705932617,5.757190704345703,0.7692307692307693,3,5.258031845092773
0.02906581200659275,0.7624409794807434,0.04537558555603027,2.5228159427642822,0.7902311086654663,5.947301387786865,0.75,3,3.779402017593384
0.012454512529075146,0.49908941984176636,0.020098567008972168,1.8174140453338623,0.9192677140235901,6.038487434387207,0.9,1,2.9200828075408936
0.03432733193039894,0.8285810947418213,0.058765947818756104,2.8902690410614014,0.6666819453239441,5.307782173156738,0.5,5,3.1363494396209717
0.04899448901414871,0.9898937940597534,0.08176827430725098,3.561391830444336,0.19825315475463867,5.344951629638672,0.5333333333333333,7,4.357438087463379
0.013276422396302223,0.5152944922447205,0.021145105361938477,1.9227019548416138,0.9168481230735779,6.071651935577393,0.9,1,2.9111592769622803
0.011491122655570507,0.4793980121612549,0.01727825403213501,1.5483407974243164,0.9540038704872131,6.203790664672852,1.0,0,2.853081226348877
0.04726777225732803,0.9722939133644104,0.07419776916503906,3.318903684616089,0.756431519985199,5.805838584899902,0.7272727272727273,3,3.0784358978271484
0.03125564381480217,0.7906407713890076,0.05091220140457153,2.8592257499694824,0.8007053136825562,5.7768096923828125,0.7272727272727273,3,3.3318042755126953
0.01837216131389141,0.6061709523200989,0.029066741466522217,1.990315318107605,0.9071307182312012,5.863653182983398,0.9166666666666666,1,3.3122198581695557
0.016622457653284073,0.5765840411186218,0.02677100896835327,1.96340012550354,0.8736028075218201,5.84979248046875,0.7692307692307693,3,3.280545949935913
0.029003674164414406,0.7616255283355713,0.04794049263000488,2.668818473815918,0.8170022368431091,5.713894844055176,0.75,3,3.721623659133911
0.014145934954285622,0.5319010019302368,0.021171510219573975,1.8584915399551392,0.9243325591087341,5.980764389038086,1.0,0,3.3423376083374023
0.014591795392334461,0.5402184128761292,0.024330317974090576,1.9321248531341553,0.9214388728141785,5.686740875244141,1.0,0,2.9073755741119385
0.011879906989634037,0.4874403774738312,0.019145488739013672,1.7999504804611206,0.9287289381027222,6.045026779174805,1.0,0,2.879047393798828
0.0708511620759964,1.1903878450393677,0.10543906688690186,4.184910774230957,0.5141237378120422,5.698848724365234,0.6153846153846154,5,3.3058934211730957
0.0371234305202961,0.861666202545166,0.06363916397094727,3.1395065784454346,0.7675793766975403,5.401007175445557,0.6363636363636364,4,3.797999620437622
0.06016511842608452,1.0969513654708862,0.10390692949295044,3.8356571197509766,0.3902871310710907,5.187129020690918,0.5,7,4.998444080352783
0.04028341546654701,0.8975902795791626,0.0714426040649414,3.155308246612549,0.6068035960197449,5.220526695251465,0.35714285714285715,9,3.304788112640381
0.02390415221452713,0.6914355158805847,0.03735339641571045,2.523930072784424,0.8803389072418213,5.842033863067627,0.8333333333333334,2,3.386852502822876
0.011682077310979366,0.4833647906780243,0.016428589820861816,1.9214410781860352,0.9067848920822144,6.26241397857666,1.0,0,4.389599800109863
0.010388396680355072,0.4558156728744507,0.015123844146728516,1.5463383197784424,0.9548153877258301,6.197948455810547,0.8888888888888888,1,3.0051960945129395
0.04313477501273155,0.9288139939308167,0.07377922534942627,3.2145864963531494,0.5959988832473755,5.185070037841797,0.45454545454545453,6,2.842071771621704
0.021607402712106705,0.657379686832428,0.035533010959625244,2.4501829147338867,0.8469945788383484,5.861523628234863,0.8181818181818182,2,2.821953535079956
0.019995300099253654,0.6323812007904053,0.031953394412994385,2.2614545822143555,0.8891699910163879,6.045136451721191,0.9,1,3.19000244140625
0.026344481855630875,0.7258716225624084,0.042137980461120605,2.42555570602417,0.8126305937767029,5.948760986328125,0.6666666666666666,4,2.8993544578552246
0.022732438519597054,0.6742764711380005,0.03673219680786133,2.203247308731079,0.8380021452903748,5.7970757484436035,0.75,3,3.317823886871338
0.020918220281600952,0.6468109488487244,0.034433603286743164,2.1419553756713867,0.8702729940414429,5.863085746765137,0.8,2,3.034296751022339
0.06573998183012009,1.1466470956802368,0.09868162870407104,4.240234375,0.10796903818845749,5.696296691894531,0.4,9,5.195396900177002
0.021379435434937477,0.6539026498794556,0.02765071392059326,2.112687349319458,0.9021428823471069,6.401986122131348,0.7272727272727273,3,3.2680912017822266
0.015133911743760109,0.5501620173454285,0.024041295051574707,2.089056968688965,0.725951611995697,5.877651214599609,0.9166666666666666,1,5.274656772613525
0.019958434626460075,0.6317979693412781,0.03162789344787598,2.3807876110076904,0.8854014873504639,5.9959716796875,0.7272727272727273,3,2.89829683303833
0.0380672849714756,0.8725512623786926,0.06515616178512573,3.064812660217285,0.6389779448509216,5.273021697998047,0.5,5,2.822610855102539
0.10303431749343872,1.4355090856552124,0.16534262895584106,5.299140453338623,0.19733740389347076,5.0412139892578125,0.42857142857142855,8,4.170771598815918
0.03912898525595665,0.884635329246521,0.05320155620574951,3.0262486934661865,0.774048388004303,6.312138557434082,0.6363636363636364,4,3.39459490776062
0.07591067999601364,1.2321580648422241,0.1273934245109558,4.334583282470703,0.41243454813957214,5.194612503051758,0.4166666666666667,7,2.836644411087036
0.04676663875579834,0.9671260118484497,0.06982964277267456,3.661323070526123,0.29868999123573303,5.865603923797607,0.47058823529411764,9,3.3341376781463623
0.03543825075030327,0.8418818116188049,0.059442758560180664,3.029590129852295,0.6638888120651245,5.206686973571777,0.45454545454545453,6,3.04573655128479
0.022917820140719414,0.677020251750946,0.03295767307281494,2.478135347366333,0.820341169834137,6.09458065032959,0.8333333333333334,2,3.2654058933258057
0.005229468923062086,0.3234027922153473,0.007702469825744629,1.1308388710021973,0.9747703671455383,6.2046966552734375,1.0,0,2.833641529083252
0.04338005185127258,0.9314510226249695,0.06757259368896484,3.1964428424835205,0.779241681098938,5.883920669555664,0.7272727272727273,3,2.995023012161255
0.035596784204244614,0.8437628149986267,0.060142457485198975,2.8852736949920654,0.744795024394989,5.552604675292969,0.75,3,4.664607524871826
0.041007399559020996,0.9056202173233032,0.061331868171691895,3.0446348190307617,0.7415003776550293,6.034487247467041,0.7272727272727273,3,3.4173336029052734
0.042608004063367844,0.923125147819519,0.06648361682891846,3.257110595703125,0.2962433993816376,5.763680458068848,0.375,10,5.27236270904541
0.03232100233435631,0.8040024638175964,0.054752349853515625,2.8162364959716797,0.7290569543838501,5.559145927429199,0.6363636363636364,4,2.8475964069366455
0.012271062470972538,0.4954001009464264,0.014933228492736816,1.6102373600006104,0.9624848961830139,6.415778160095215,0.8888888888888888,1,3.1818320751190186
0.020739255473017693,0.6440381407737732,0.0286104679107666,2.2098841667175293,0.8437076807022095,6.079390525817871,0.8461538461538461,2,3.450934886932373
0.06706267595291138,1.1581250429153442,0.11878335475921631,4.1456780433654785,0.48709607124328613,4.974727630615234,0.2857142857142857,10,3.4475607872009277
0.03962043672800064,0.8901734352111816,0.06664502620697021,3.116689682006836,0.6344420909881592,5.28324031829834,0.45454545454545453,6,3.152947187423706
0.03150394931435585,0.7937751412391663,0.05201762914657593,2.959660053253174,0.4980730712413788,5.726149559020996,0.5714285714285714,6,3.2028627395629883
0.0856817439198494,1.3090587854385376,0.13084691762924194,4.5953826904296875,0.4580327272415161,5.576920509338379,0.6363636363636364,4,3.3092448711395264
0.017776113003492355,0.5962568521499634,0.028218507766723633,2.125372886657715,0.8327516317367554,5.877796173095703,0.6153846153846154,5,3.294999837875366
0.062177132815122604,1.1151424646377563,0.09741950035095215,4.217273712158203,0.24288392066955566,5.713283061981201,0.35714285714285715,9,3.0282704830169678
0.020672349259257317,0.642998456954956,0.0337069034576416,2.032776117324829,0.8623411655426025,5.899067401885986,0.9,1,3.527472734451294
0.032910335808992386,0.8112993836402893,0.05079001188278198,2.700895309448242,0.783496618270874,5.948336601257324,0.75,3,3.9705522060394287
0.05503052473068237,1.0490998029708862,0.09397780895233154,3.680330276489258,0.5263910293579102,5.116716384887695,0.3333333333333333,8,3.140850305557251
0.04608635976910591,0.9600662589073181,0.06825828552246094,3.4278831481933594,0.660478949546814,6.0117998123168945,0.7857142857142857,3,3.882349967956543
0.056735970079898834,1.0652320384979248,0.0870743989944458,3.97096586227417,-0.04025256261229515,5.712165355682373,0.3888888888888889,11,5.274656772613525
0.018126720562577248,0.6021082997322083,0.025886833667755127,2.1443355083465576,0.9317540526390076,6.048267364501953,0.9166666666666666,1,3.4065940380096436
0.028888491913676262,0.7601116895675659,0.04706144332885742,2.814335823059082,0.7981553077697754,5.830658912658691,0.8,2,3.061201572418213
0.006442063953727484,0.35894468426704407,0.0070983171463012695,1.3665916919708252,0.9798299074172974,6.420993804931641,0.8888888888888888,1,3.0705032348632812
0.05990798398852348,1.0946048498153687,0.09873408079147339,4.005702972412109,0.09722910821437836,5.417149066925049,0.4666666666666667,8,3.291325092315674
0.010728196240961552,0.46321046352386475,0.01779550313949585,1.6622473001480103,0.9384854435920715,5.907919883728027,0.7777777777777778,2,2.9812071323394775
0.03592953458428383,0.8476972579956055,0.055037081241607666,3.333674430847168,0.6829658150672913,5.981573104858398,0.6666666666666666,4,3.0429131984710693
0.007394416723400354,0.38456252217292786,0.011871933937072754,1.3505804538726807,0.9495483040809631,6.097111701965332,0.8888888888888888,1,3.0316357612609863
0.012723331339657307,0.5044468641281128,0.021401047706604004,1.8058639764785767,0.9276578426361084,5.659407615661621,1.0,0,2.97072172164917
0.009429827332496643,0.4342770278453827,0.01142185926437378,1.519134283065796,0.9565665125846863,6.418953895568848,0.8,2,2.8994343280792236
0.037694983184337616,0.868273913860321,0.060454368591308594,2.7253000736236572,0.4203415811061859,5.723401069641113,0.5333333333333333,7,4.947291851043701
0.056066762655973434,1.0589312314987183,0.09945154190063477,3.820559024810791,0.4297599494457245,5.066943168640137,0.46153846153846156,7,5.022958755493164
0.00927978940308094,0.43080827593803406,0.012171149253845215,1.4870197772979736,0.9509114623069763,6.331923961639404,0.8888888888888888,1,3.0653953552246094
0.04806974157691002,0.9805074334144592,0.07305634021759033,3.9220142364501953,0.7063788175582886,5.782673358917236,0.5714285714285714,6,3.35274338722229
0.010016297921538353,0.4475778639316559,0.015650033950805664,1.623592495918274,0.9447402358055115,6.122727394104004,0.8,2,2.84753155708313
0.0882110446691513,1.3282397985458374,0.14861935377120972,4.41816520690918,0.26059651374816895,5.038841247558594,0.4166666666666667,7,2.9230456352233887
0.054143477231264114,1.0406101942062378,0.08732283115386963,3.757992744445801,0.6051254868507385,5.649465560913086,0.5,6,3.1351704597473145
0.09668570011854172,1.390580415725708,0.18638640642166138,5.075052738189697,-0.36185184121131897,4.094834804534912,0.06666666666666667,14,4.1976399421691895
0.04977777227759361,0.9977751970291138,0.0678756833076477,3.3560075759887695,0.6274365782737732,6.329548358917236,0.7272727272727273,3,2.9987802505493164
0.025409197434782982,0.7128702402114868,0.034417808055877686,2.3053417205810547,0.8280688524246216,6.406374931335449,0.8,2,2.849550247192383
0.066437728703022,1.1527161598205566,0.1107378602027893,3.878373861312866,0.28245049715042114,5.334281921386719,0.6428571428571429,5,4.446854114532471
0.03505399450659752,0.8373051285743713,0.061314940452575684,2.800426959991455,0.6758200526237488,5.366272449493408,0.6153846153846154,5,3.3386409282684326
0.039977531880140305,0.8941759467124939,0.060813188552856445,3.3073949813842773,0.35592496395111084,5.850269317626953,0.5625,7,5.0396223068237305
0.014831137843430042,0.5446308255195618,0.023529469966888428,1.9715579748153687,0.9011558294296265,6.030546188354492,0.9,1,2.9312477111816406
0.076968252658844,1.2407115697860718,0.13393086194992065,4.35637903213501,0.4907648265361786,4.926427841186523,0.4166666666666667,7,2.883197069168091
0.0394594669342041,0.8883633017539978,0.06068795919418335,3.1720564365386963,0.7379143834114075,5.926074981689453,0.6153846153846154,5,3.1825878620147705
0.028255168348550797,0.7517335414886475,0.04021185636520386,2.5007009506225586,0.8393056392669678,6.243222236633301,0.8,2,3.1205317974090576
0.07730711251497269,1.2434396743774414,0.1268664002418518,4.510753631591797,0.4347512125968933,5.318857192993164,0.6363636363636364,4,3.202941417694092
0.04158409312367439,0.9119659066200256,0.0702940821647644,3.1966018676757812,0.6016101837158203,5.24746036529541,0.4166666666666667,7,3.1122941970825195
0.007276791613548994,0.3814915716648102,0.01116877794265747,1.3543001413345337,0.954632043838501,6.139288902282715,1.0,0,2.8831491470336914
0.02128497138619423,0.6524564623832703,0.033875107765197754,2.1166343688964844,0.8649415373802185,5.8041791915893555,0.75,3,3.4818599224090576
0.04016338661313057,0.8962520360946655,0.06335514783859253,3.2501723766326904,0.7781991362571716,5.846967697143555,0.8,2,3.6107428073883057
0.012705536559224129,0.5040939450263977,0.020383894443511963,1.760495662689209,0.9208347201347351,6.001550674438477,0.8,2,3.3197317123413086
0.05379076674580574,1.037215232849121,0.08024477958679199,3.695728302001953,0.6963971257209778,5.949831008911133,0.7272727272727273,3,2.9707608222961426
0.015101894736289978,0.5495797395706177,0.022183477878570557,2.030874490737915,0.9206022620201111,6.188894271850586,0.8,2,3.1492087841033936
0.0393945574760437,0.8876323103904724,0.06622135639190674,3.1041483879089355,0.6341063976287842,5.1263322830200195,0.5,5,2.920510768890381
0.029078586027026176,0.7626084685325623,0.0464901328086853,2.578433036804199,0.7994306087493896,5.8905768394470215,0.6666666666666666,4,3.511586904525757
0.012365316040813923,0.4972990155220032,0.016640901565551758,1.7253661155700684,0.9489346146583557,6.351482391357422,0.8181818181818182,2,2.821711540222168
0.050224222242832184,1.00223970413208,0.08776438236236572,3.6143441200256348,0.5448119640350342,5.002217769622803,0.5454545454545454,5,3.087188959121704
0.02507355809211731,0.7081462740898132,0.04027915000915527,2.6343092918395996,0.8027979731559753,5.906421661376953,0.7272727272727273,3,2.9203548431396484
0.008101074956357479,0.4025189280509949,0.012269377708435059,1.5052410364151,0.9609321355819702,6.128769397735596,0.8888888888888888,1,2.973331928253174
0.010492171160876751,0.45808669924736023,0.015724480152130127,1.6367919445037842,0.9446104764938354,6.185972690582275,1.0,0,2.832559108734131
0.029163405299186707,0.763719916343689,0.04647970199584961,2.641164779663086,0.8634620308876038,5.868016719818115,0.9,1,3.4334964752197266
0.020635021850466728,0.6424176096916199,0.03403747081756592,2.357896327972412,0.8660480976104736,5.850473403930664,0.9,1,2.8473541736602783
0.02764548361301422,0.7435789704322815,0.04064112901687622,2.7201671600341797,0.8405866622924805,6.1941986083984375,0.8,2,2.985994815826416
0.04806894063949585,0.980499267578125,0.07215774059295654,3.3535938262939453,0.5921152830123901,5.810491561889648,0.6428571428571429,5,3.417746067047119
0.040067315101623535,0.8951795101165771,0.06422865390777588,3.1579554080963135,0.781251072883606,5.781947612762451,0.6666666666666666,4,3.363736629486084
0.009924598038196564,0.4455243647098541,0.01616799831390381,1.5150892734527588,0.9410718083381653,6.014657974243164,1.0,0,2.8295583724975586
0.020214486867189407,0.6358377933502197,0.033764660358428955,2.2533812522888184,0.6821933388710022,5.66306209564209,0.6428571428571429,5,3.632246494293213
0.01851193606853485,0.608472466468811,0.027297675609588623,1.880617380142212,0.9130460023880005,5.962332248687744,0.9166666666666666,1,3.4921329021453857
0.0388924740254879,0.8819577097892761,0.06063199043273926,3.152827262878418,0.711136519908905,5.901852130889893,0.5833333333333334,5,3.025566577911377
0.048500847071409225,0.984894335269928,0.0827934741973877,3.439120292663574,0.5975106358528137,5.192361354827881,0.45454545454545453,6,2.9700536727905273
0.008573263883590698,0.41408365964889526,0.013349771499633789,1.5230233669281006,0.9534316062927246,6.134818077087402,1.0,0,2.8271536827087402
0.07020237296819687,1.1849250793457031,0.11615103483200073,3.8957319259643555,0.2336852103471756,5.294999122619629,0.4666666666666667,8,5.062996864318848
0.009902536869049072,0.4450289309024811,0.015282392501831055,1.6197662353515625,0.9290809035301208,6.112925052642822,1.0,0,2.9802050590515137
0.03372162580490112,0.8212383985519409,0.05257982015609741,2.8851675987243652,0.6370779871940613,5.913421630859375,0.5833333333333334,5,3.729238748550415
0.036885570734739304,0.85890132188797,0.060448646545410156,2.981699228286743,0.7153639197349548,5.7151780128479,0.5833333333333334,5,3.4121387004852295
0.05164259672164917,1.0162932872772217,0.08841431140899658,3.717085123062134,0.5638743042945862,5.3068366050720215,0.36363636363636365,7,3.110377073287964
0.009034733287990093,0.4250819683074951,0.013813674449920654,1.5327398777008057,0.861283540725708,5.948783874511719,0.6923076923076923,4,5.274656772613525
0.03571482002735138,0.8451606035232544,0.061298668384552,3.04710054397583,0.7150776982307434,5.443946361541748,0.75,3,3.6144514083862305
0.013273946940898895,0.5152465105056763,0.01755434274673462,1.7961183786392212,0.9327648282051086,6.350966453552246,0.8,2,2.874241590499878
0.01095612347126007,0.4681051969528198,0.01442265510559082,1.5383927822113037,0.9347832202911377,6.380550384521484,0.8888888888888888,1,3.0740513801574707
0.0356249175965786,0.8440961837768555,0.06013321876525879,2.9155330657958984,0.5094555020332336,5.527129173278809,0.4,9,5.144556045532227
0.05808943510055542,1.0778629779815674,0.08421206474304199,3.9861350059509277,0.6353104710578918,6.090585708618164,0.6153846153846154,5,2.635744094848633
0.05124051123857498,1.0123291015625,0.08943963050842285,3.53912353515625,0.5629827976226807,4.968454837799072,0.5,5,2.9502296447753906
0.01561110932379961,0.5587684512138367,0.02458488941192627,2.0607852935791016,0.8626565337181091,5.897801399230957,0.6153846153846154,5,3.305976152420044
0.06149793416261673,1.1090350151062012,0.09369826316833496,4.165606498718262,0.48870471119880676,5.701343536376953,0.6153846153846154,5,3.291184902191162
0.01913485862314701,0.6186252236366272,0.028214335441589355,2.0410585403442383,0.8617005348205566,5.938909530639648,0.8333333333333334,2,3.536233425140381
0.006238640286028385,0.35323193669319153,0.009144783020019531,1.289888620376587,0.9584464430809021,6.1901679039001465,1.0,0,2.904221296310425
0.030721617862582207,0.7838573455810547,0.04804050922393799,2.8560690879821777,0.7908661365509033,5.956843376159668,0.6666666666666666,4,3.2679567337036133
0.03304807096719742,0.8129953145980835,0.042313456535339355,2.783938407897949,0.8290397524833679,6.4653000831604,0.8,2,3.081366777420044
0.053897857666015625,1.0382471084594727,0.08009612560272217,3.817544937133789,0.21230195462703705,5.9269609451293945,0.4666666666666667,8,4.363083362579346
0.024486826732754707,0.6998117566108704,0.03920149803161621,2.4152538776397705,0.8448752760887146,5.977353096008301,0.7272727272727273,3,3.0003139972686768
0.05963646247982979,1.0921214818954468,0.10564970970153809,3.827423095703125,0.45465368032455444,4.8970465660095215,0.36363636363636365,7,3.4395315647125244
0.060854341834783554,1.103216528892517,0.09506821632385254,3.9634740352630615,0.6335769295692444,5.6175737380981445,0.6666666666666666,4,5.274656772613525
0.007420405279844999,0.3852377235889435,0.010331392288208008,1.3818418979644775,0.9603806734085083,6.3214874267578125,0.8,2,3.0858917236328125
0.02838810719549656,0.7534999251365662,0.04491317272186279,2.8702805042266846,0.8315179347991943,6.011113166809082,0.7272727272727273,3,2.7481346130371094
0.028363114222884178,0.7531681656837463,0.03591209650039673,2.706266403198242,0.7031646370887756,6.419724464416504,0.6428571428571429,5,4.180285930633545
0.013708531856536865,0.5236130356788635,0.020505547523498535,1.7774972915649414,0.9184351563453674,6.166164398193359,0.8888888888888888,1,3.7488529682159424
0.01280621625483036,0.5060872435569763,0.018795490264892578,1.8329310417175293,0.7642351388931274,5.980430603027344,0.6666666666666666,5,5.163816452026367
0.1866743415594101,1.9322232007980347,0.2604401111602783,7.109663963317871,-0.029079783707857132,5.020751476287842,0.4375,9,5.105979919433594
0.041193779557943344,0.9076759219169617,0.07337641716003418,3.184734344482422,0.6008873581886292,5.160750865936279,0.35714285714285715,9,3.276272773742676
0.03924763947725296,0.8859755992889404,0.06784576177597046,3.1034810543060303,0.6154388785362244,5.252194881439209,0.45454545454545453,6,3.0843937397003174
0.02495826780796051,0.7065163254737854,0.029937446117401123,2.4278836250305176,0.7245347499847412,6.0589470863342285,0.6666666666666666,5,4.351363658905029
0.011931206099689007,0.48849165439605713,0.016066670417785645,1.8265987634658813,0.8754581212997437,6.106781959533691,0.9166666666666666,1,3.366654396057129
0.009818428196012974,0.44313493371009827,0.013710737228393555,1.5827789306640625,0.9609993696212769,6.283805847167969,0.8888888888888888,1,3.0260300636291504
0.0899423137307167,1.3412107229232788,0.15371787548065186,4.723592758178711,0.35234957933425903,4.951687335968018,0.26666666666666666,11,3.2917211055755615
0.016215456649661064,0.5694814324378967,0.026652097702026367,2.0503852367401123,0.7129871249198914,5.821992874145508,0.7142857142857143,4,4.871737480163574
0.01674767956137657,0.5787517428398132,0.026273906230926514,2.0863046646118164,0.8974632024765015,6.083576202392578,0.9,1,2.831831932067871
0.00958977546542883,0.4379446506500244,0.013867616653442383,1.4640226364135742,0.9583035111427307,6.262655258178711,0.8888888888888888,1,3.0301332473754883
0.009681494906544685,0.4400339722633362,0.015142619609832764,1.5408810377120972,0.9427762031555176,6.111623764038086,1.0,0,2.8242549896240234
0.054262131452560425,1.0417498350143433,0.093650221824646,3.7867751121520996,0.5530956983566284,5.148764133453369,0.36363636363636365,7,2.870748996734619
0.031076407060027122,0.7883705496788025,0.04048663377761841,2.7941927909851074,0.836758017539978,6.411965370178223,0.7,3,3.462268829345703
0.009661982767283916,0.43959033489227295,0.013128995895385742,1.6977235078811646,0.9620296359062195,6.329459190368652,0.9,1,2.838660955429077
0.018496667966246605,0.6082214713096619,0.029112815856933594,2.1353750228881836,0.8742777109146118,6.033219814300537,0.8181818181818182,2,2.913121223449707
0.04958833381533623,0.99587482213974,0.08893364667892456,3.5691022872924805,0.5200121402740479,5.037809371948242,0.2857142857142857,10,3.275280237197876
0.04027078300714493,0.8974494934082031,0.06486642360687256,3.1969008445739746,0.7610553503036499,5.786144256591797,0.6666666666666666,4,3.114716053009033
0.06241191178560257,1.1172457933425903,0.10690510272979736,3.86336350440979,0.29332906007766724,5.2085676193237305,0.42857142857142855,8,5.2668232917785645
0.05365404114127159,1.0358961820602417,0.08534157276153564,3.6556012630462646,0.6651726365089417,5.692378520965576,0.7272727272727273,3,3.26753306388855
0.04399832710623741,0.9380652904510498,0.07627314329147339,3.493037223815918,0.6510038375854492,5.218881130218506,0.5833333333333334,5,2.9354021549224854
0.03626585006713867,0.8516554236412048,0.044202983379364014,3.0946991443634033,0.5337775945663452,6.442477226257324,0.6,6,4.684465408325195
0.01891578733921051,0.6150738000869751,0.024931669235229492,2.1389248371124268,0.9012196063995361,6.18032693862915,0.7692307692307693,3,5.004629135131836
0.011622457765042782,0.4821298122406006,0.019570231437683105,1.7093795537948608,0.9140700697898865,5.757699012756348,0.75,3,3.32303524017334
0.029716992750763893,0.7709344029426575,0.04674053192138672,2.931159734725952,0.5976450443267822,5.908418655395508,0.6153846153846154,5,3.346315860748291
0.04998289421200752,0.9998289346694946,0.0790669322013855,3.581272840499878,0.6284142136573792,5.64714241027832,0.6153846153846154,5,3.304769277572632
0.05170343443751335,1.0168917179107666,0.09464061260223389,3.623112201690674,0.4648972451686859,4.931718826293945,0.35714285714285715,9,4.130539417266846
0.010775439441204071,0.4642292559146881,0.015645503997802734,1.6485545635223389,0.9309978485107422,6.240283489227295,0.8181818181818182,2,2.8228373527526855
0.03773772343993187,0.8687660098075867,0.06119108200073242,2.959506034851074,0.7398656010627747,5.783877372741699,0.5,6,2.919644594192505
0.03371414542198181,0.8211473226547241,0.05595964193344116,2.927645206451416,0.5068879127502441,5.621782302856445,0.4,9,5.00087308883667
0.08227694034576416,1.2827855348587036,0.13238424062728882,4.788821220397949,0.4973589777946472,5.365464210510254,0.6363636363636364,4,3.0039103031158447
0.006760097574442625,0.36769816279411316,0.011388182640075684,1.3889594078063965,0.9507008194923401,5.854542255401611,0.8888888888888888,1,3.107400894165039
0.027082711458206177,0.7359716296195984,0.041333138942718506,2.664583206176758,0.7349632382392883,6.079501152038574,0.6923076923076923,4,2.836247444152832
0.0675254613161087,1.162114143371582,0.11101484298706055,4.385043144226074,0.5142468810081482,5.359472751617432,0.7272727272727273,3,5.256573677062988
0.04692690819501877,0.9687817692756653,0.07067000865936279,3.5898871421813965,0.7847824096679688,5.9730353355407715,0.8,2,2.888219118118286
0.030137646943330765,0.7763716578483582,0.047073423862457275,2.6258130073547363,0.6877043843269348,5.8673601150512695,0.5,7,3.2575347423553467
0.12438414245843887,1.5772390365600586,0.1821056604385376,5.971529006958008,-0.16703274846076965,5.355676174163818,0.3684210526315789,12,4.920085430145264
0.04443890601396561,0.9427502751350403,0.06872999668121338,3.2085862159729004,0.7610041499137878,5.884799003601074,0.7272727272727273,3,2.918144941329956
0.049300890415906906,0.9929842948913574,0.08119428157806396,3.4975028038024902,0.656844973564148,5.572758197784424,0.6363636363636364,4,3.3947243690490723
0.019049860537052155,0.6172497272491455,0.03159928321838379,2.24369478225708,0.9120386242866516,5.833624839782715,0.9,1,2.880817174911499
0.03607700392603874,0.8494351506233215,0.0645710825920105,3.062784194946289,0.7197505235671997,5.1270527839660645,0.46153846153846156,7,3.29651141166687
0.012551468797028065,0.501028299331665,0.0204048752784729,1.892669916152954,0.9323181509971619,5.994585990905762,0.9,1,2.8389363288879395
0.03759386017918587,0.8671085238456726,0.06406146287918091,2.9959115982055664,0.6725782155990601,5.309723854064941,0.45454545454545453,6,2.8345327377319336
0.010196054354310036,0.45157620310783386,0.014432072639465332,1.653788685798645,0.9515325427055359,6.305613994598389,0.8181818181818182,2,2.8592545986175537
0.02258358709514141,0.672065258026123,0.035688936710357666,2.4456796646118164,0.86709064245224,5.990240097045898,0.6666666666666666,4,2.902956247329712
0.010294558480381966,0.4537523090839386,0.016733229160308838,1.5705606937408447,0.9529935121536255,5.8752312660217285,0.9166666666666666,1,3.2676749229431152
0.02711992897093296,0.7364771366119385,0.03718453645706177,2.731588840484619,0.8740742802619934,6.300220966339111,0.8,2,3.0855767726898193
0.021462051197886467,0.655164897441864,0.030432522296905518,2.3751564025878906,0.905910313129425,6.258932113647461,0.7272727272727273,3,2.8606600761413574
0.03451414778828621,0.8308326601982117,0.059367835521698,3.041661262512207,0.6876672506332397,5.224687099456787,0.5454545454545454,5,3.1696126461029053
0.033280160278081894,0.8158450722694397,0.055333733558654785,2.9400808811187744,0.6716434359550476,5.661055564880371,0.7142857142857143,4,4.72721004486084
0.05567298084497452,1.0552059412002563,0.08611619472503662,3.725870132446289,0.642562747001648,5.788571357727051,0.6666666666666666,4,3.638157367706299
0.005465711932629347,0.33062705397605896,0.008789658546447754,1.1601002216339111,0.973870038986206,6.070873260498047,0.9,1,2.8300554752349854
0.024126416072249413,0.6946426033973694,0.039708852767944336,2.295931339263916,0.8091726303100586,5.82299280166626,0.8,2,3.098449468612671
0.02964668534696102,0.770021915435791,0.04383587837219238,2.5425572395324707,0.7902246713638306,6.173418998718262,0.8,2,2.916602373123169
0.007834351621568203,0.39583712816238403,0.0072591304779052734,1.465817928314209,0.9794431924819946,6.527411460876465,0.8,2,3.10446834564209
0.037702661007642746,0.8683623671531677,0.06656408309936523,3.114358425140381,0.5521995425224304,5.283912658691406,0.6153846153846154,5,4.010441780090332
0.012799386866390705,0.5059522986412048,0.019832313060760498,1.8109784126281738,0.9328614473342896,6.152642250061035,1.0,0,2.880190372467041
0.041395824402570724,0.9098991751670837,0.06910449266433716,3.1553492546081543,0.6529479026794434,5.570281028747559,0.6363636363636364,4,2.841670274734497
0.035804785788059235,0.8462243676185608,0.05646181106567383,3.2229838371276855,0.6159068942070007,5.778308391571045,0.8333333333333334,2,3.3206098079681396
0.0446549616754055,0.9450392723083496,0.07779562473297119,3.372488260269165,0.529498279094696,5.28712272644043,0.42857142857142855,8,4.849727153778076
0.06448524445295334,1.135651707649231,0.10178780555725098,3.974531650543213,0.585079550743103,5.657398223876953,0.5,6,3.454378128051758
0.04061296209692955,0.9012542366981506,0.06136584281921387,3.3108298778533936,0.3596832752227783,5.858217239379883,0.4666666666666667,8,5.216694355010986
0.012261797674000263,0.49521303176879883,0.020574748516082764,1.7505995035171509,0.8524816036224365,5.716386318206787,0.8333333333333334,2,3.5957863330841064
0.017038671299815178,0.5837580561637878,0.025803446769714355,2.2363362312316895,0.922827422618866,6.136198997497559,0.7272727272727273,3,2.861623525619507
0.029333055019378662,0.7659380435943604,0.040378570556640625,2.4873201847076416,0.8390094637870789,6.287205696105957,0.8,2,3.269885301589966
0.03053302876651287,0.78144770860672,0.05286526679992676,2.5607306957244873,0.5271896719932556,5.390708923339844,0.6428571428571429,5,4.3147196769714355
0.06958233565092087,1.1796808242797852,0.10751223564147949,4.4141716957092285,0.40546995401382446,5.589422702789307,0.7142857142857143,4,3.2908170223236084
0.030356932431459427,0.7791910171508789,0.04535841941833496,2.7247986793518066,0.7969009280204773,6.048794269561768,0.7272727272727273,3,3.4586873054504395
0.005481384228914976,0.331100732088089,0.008718430995941162,1.0647639036178589,0.9702920317649841,6.091116905212402,1.0,0,2.835691213607788
0.07304540276527405,1.208680272102356,0.11839115619659424,4.021022796630859,0.5703595876693726,5.422475814819336,0.6363636363636364,4,2.9805362224578857
0.02197404019534588,0.6629334688186646,0.036452293395996094,2.566847801208496,0.8376160264015198,5.7926554679870605,0.8181818181818182,2,3.2901597023010254
0.04775633290410042,0.9773058295249939,0.06832492351531982,3.600538730621338,0.7214905023574829,5.981470108032227,0.6428571428571429,5,3.2793965339660645
0.007458960171788931,0.386237233877182,0.011262178421020508,1.4874404668807983,0.9444239139556885,5.923811912536621,0.8333333333333334,2,5.167080879211426
0.009730331599712372,0.44114241003990173,0.01587831974029541,1.4543571472167969,0.8578868508338928,5.892236709594727,0.7692307692307693,3,4.703432083129883
0.010883822105824947,0.4665580689907074,0.017389118671417236,1.605869174003601,0.9445463418960571,5.833305358886719,0.9166666666666666,1,3.4844067096710205
0.04775261506438255,0.9772678017616272,0.08173060417175293,3.4281067848205566,0.6108734607696533,5.220272064208984,0.45454545454545453,6,2.853219509124756
0.0399572029709816,0.8939485549926758,0.0664743185043335,3.3103127479553223,0.7037404179573059,5.61016321182251,0.7272727272727273,3,3.205636978149414
0.03945336863398552,0.8882946372032166,0.06707131862640381,3.1404638290405273,0.6467763781547546,5.403402328491211,0.5,6,2.905104637145996
0.0117823900654912,0.4854356646537781,0.01606583595275879,1.806321382522583,0.9329980611801147,6.309056758880615,0.8,2,2.977858781814575
0.021188870072364807,0.6509819030761719,0.03295224905014038,2.306511163711548,0.6946329474449158,5.9431610107421875,0.6428571428571429,5,4.762214660644531
0.06118738278746605,1.1062312126159668,0.10151571035385132,4.066753387451172,0.6114516854286194,5.287326812744141,0.6666666666666666,4,4.257415771484375
0.038626767694950104,0.8789398670196533,0.06328582763671875,3.1418049335479736,0.738797128200531,5.702700614929199,0.8,2,3.4641335010528564
0.034029051661491394,0.8249733448028564,0.0576779842376709,2.6244494915008545,0.7804850935935974,5.556245803833008,0.9,1,3.635343551635742
0.011315959505736828,0.47573015093803406,0.017801225185394287,1.7280941009521484,0.8891691565513611,6.13547420501709,0.8181818181818182,2,2.9101147651672363
0.027375703677535057,0.7399419546127319,0.04534941911697388,2.6346793174743652,0.5766478180885315,5.752355575561523,0.5,8,4.600766181945801
0.04689795896410942,0.9684829115867615,0.07318359613418579,3.428572654724121,0.7296002507209778,5.829307556152344,0.6666666666666666,4,2.964919328689575
0.01702011562883854,0.5834400653839111,0.026697278022766113,2.1581361293792725,0.870839536190033,6.066616058349609,0.7,3,2.962568998336792
0.10036404430866241,1.4167853593826294,0.1539555788040161,4.947484016418457,0.6135988235473633,5.4256134033203125,0.6363636363636364,4,3.084496021270752
0.04635617509484291,0.9628725051879883,0.07804811000823975,3.3698983192443848,0.6063599586486816,5.45091438293457,0.5454545454545454,5,3.0473153591156006
0.0068830582313239574,0.3710271716117859,0.0073767900466918945,1.3948419094085693,0.9800882935523987,6.424875736236572,0.8,2,3.0720181465148926
0.0819503515958786,1.280237078666687,0.13710683584213257,5.033575057983398,-0.028497891500592232,5.1555891036987305,0.375,10,4.41290283203125
0.011065147817134857,0.470428466796875,0.01684558391571045,1.6488043069839478,0.8418763875961304,6.092742919921875,0.6153846153846154,5,3.7324349880218506
0.03340218588709831,0.8173394203186035,0.05668139457702637,2.8800106048583984,0.693500816822052,5.322476387023926,0.45454545454545453,6,2.829322576522827
0.06757493317127228,1.1625397205352783,0.11371177434921265,4.345086097717285,-0.03552890196442604,5.242535591125488,0.4117647058823529,10,3.3843894004821777
0.10443557798862457,1.4452375173568726,0.20581519603729248,5.2891526222229,-0.5465395450592041,3.724388360977173,0.07142857142857142,13,3.8447678089141846
0.06867172569036484,1.1719361543655396,0.11267101764678955,4.241454601287842,0.5586125254631042,5.358477592468262,0.6153846153846154,5,3.2639191150665283
0.015700556337833405,0.5603669285774231,0.023084282875061035,2.0801432132720947,0.9358037710189819,6.184591770172119,0.8888888888888888,1,2.9890048503875732
0.04555473476648331,0.9545127749443054,0.06861072778701782,3.5564610958099365,0.7898499965667725,5.981362819671631,0.8,2,2.8450231552124023
0.03898954018950462,0.8830575942993164,0.06617337465286255,3.113969564437866,0.6660568714141846,5.34641695022583,0.45454545454545453,6,3.1994411945343018
0.030097683891654015,0.7758567333221436,0.04866725206375122,2.571051597595215,0.787726640701294,5.838110446929932,0.8,2,2.948725938796997
0.10150619596242905,1.4248242378234863,0.1598128080368042,5.433915615081787,-0.2603391110897064,5.2316694259643555,0.35294117647058826,11,5.274656772613525
0.011441054753959179,0.47835248708724976,0.0180819034576416,1.6643708944320679,0.9290931224822998,6.048093795776367,0.8,2,2.9450690746307373
0.012124895118176937,0.49244076013565063,0.01601409912109375,1.834670066833496,0.9522966146469116,6.339131832122803,0.9,1,2.9192423820495605
0.00807061418890953,0.4017614722251892,0.011713504791259766,1.4320368766784668,0.95307856798172,6.207245826721191,0.9,1,2.912982702255249
0.021175876259803772,0.6507822275161743,0.03696286678314209,2.406785011291504,0.8093525767326355,5.50847864151001,0.6153846153846154,5,3.271973133087158
0.032027989625930786,0.800349771976471,0.053735196590423584,2.8873729705810547,0.6904197931289673,5.319082736968994,0.6363636363636364,4,2.9074547290802
0.032956577837467194,0.8118691444396973,0.055040836334228516,2.897878646850586,0.688414990901947,5.196179389953613,0.5,5,2.8874337673187256
0.02872404269874096,0.7579451203346252,0.04243510961532593,2.7637791633605957,0.8351078033447266,6.147164344787598,0.8,2,2.855605363845825
0.011857750825583935,0.4869856536388397,0.015927553176879883,1.9719512462615967,0.8306354880332947,6.1898298263549805,0.7857142857142857,3,4.768130779266357
0.004825030919164419,0.3106454908847809,0.006120026111602783,1.2120540142059326,0.9740654826164246,6.309981346130371,0.75,3,2.8244380950927734
0.04142569378018379,0.910227358341217,0.06287640333175659,3.2488248348236084,0.7305574417114258,5.985463619232178,0.7272727272727273,3,2.888164758682251
0.015543452464044094,0.5575563311576843,0.024663090705871582,2.02158784866333,0.9050185680389404,6.082609176635742,0.8181818181818182,2,3.0680031776428223
0.05725312978029251,1.0700759887695312,0.09308677911758423,3.8827061653137207,0.6117210388183594,5.5589189529418945,0.3333333333333333,8,3.026244878768921
0.04709804430603981,0.9705466628074646,0.07743179798126221,3.335667610168457,0.47532203793525696,5.525362014770508,0.4666666666666667,8,3.413344621658325
0.00702704256400466,0.3748877942562103,0.010178565979003906,1.3505264520645142,0.9629946351051331,6.192684650421143,0.8888888888888888,1,3.6191246509552
0.02605685405433178,0.7218982577323914,0.043751657009124756,2.4991374015808105,0.8293091654777527,5.693907737731934,0.8,2,3.3353147506713867
0.03634960949420929,0.8526383638381958,0.060794949531555176,3.001734495162964,0.6579943299293518,5.1496968269348145,0.5,5,2.9326138496398926
0.041897282004356384,0.9153937101364136,0.06899559497833252,3.3077239990234375,0.7657747268676758,5.642366409301758,0.7272727272727273,3,3.0712931156158447
0.05257927253842354,1.025468349456787,0.07966768741607666,3.836648941040039,0.6862117648124695,5.8544602394104,0.7272727272727273,3,3.417072057723999
0.04845636710524559,0.9844426512718201,0.0831139087677002,3.5017080307006836,0.6057040095329285,5.338188171386719,0.42857142857142855,8,3.304417610168457
0.04667603597044945,0.9661887884140015,0.06963342428207397,3.6380887031555176,0.41296735405921936,5.983434677124023,0.5,7,3.5754261016845703
0.06264739483594894,1.1193515062332153,0.10012280941009521,4.013537406921387,0.5923466086387634,5.593404293060303,0.6363636363636364,4,2.8581643104553223
0.018485967069864273,0.6080455183982849,0.023653745651245117,2.2713842391967773,0.9140636920928955,6.453207015991211,0.7272727272727273,3,2.983107805252075
0.03218972310423851,0.8023679852485657,0.05040597915649414,2.8783998489379883,0.7896386384963989,5.961091041564941,0.8,2,2.94180965423584
0.009641672484576702,0.4391280710697174,0.011270284652709961,1.6277929544448853,0.9729120135307312,6.417882442474365,0.8,2,2.96834397315979
0.04127434268593788,0.9085630774497986,0.06950926780700684,3.2690021991729736,0.7050157189369202,5.523625373840332,0.8,2,3.0714192390441895
0.020988715812563896,0.6478999257087708,0.028746724128723145,2.465217351913452,0.909519374370575,6.373598098754883,0.7272727272727273,3,2.878211498260498
0.024183867499232292,0.6954691410064697,0.03963625431060791,2.571125030517578,0.8208063840866089,5.857476234436035,0.75,3,2.8513123989105225
0.015783825889229774,0.5618509650230408,0.02455848455429077,1.9006738662719727,0.8842733502388,6.076181411743164,0.7272727272727273,3,2.874678611755371
0.03321267291903496,0.8150174617767334,0.0530509352684021,2.8715643882751465,0.8148119449615479,5.836666584014893,0.75,3,3.8961427211761475
0.050410788506269455,1.0040994882583618,0.08612364530563354,3.540086030960083,0.5383309721946716,5.191172122955322,0.6363636363636364,4,2.9648640155792236
0.020505215972661972,0.640393853187561,0.027580976486206055,2.3217549324035645,0.9370515942573547,6.338926315307617,0.8888888888888888,1,2.988473892211914
0.009772232733666897,0.4420912265777588,0.01597440242767334,1.641140341758728,0.9490105509757996,6.006349563598633,1.0,0,2.8520090579986572
0.00737772649154067,0.38412827253341675,0.011319875717163086,1.4445762634277344,0.9394169449806213,5.9665937423706055,0.9166666666666666,1,3.2658703327178955
0.04838157817721367,0.9836826324462891,0.08439123630523682,3.424584150314331,0.5619131922721863,5.143442153930664,0.4166666666666667,7,3.396573066711426
0.027852186933159828,0.7463536262512207,0.04557925462722778,2.7322888374328613,0.794898271560669,5.813610553741455,0.8181818181818182,2,2.8870303630828857
0.0066594392992556095,0.36495038866996765,0.009089410305023193,1.2856228351593018,0.9716811180114746,6.245919227600098,0.8,2,2.994307279586792
0.015362556092441082,0.5543023943901062,0.0248720645904541,2.2587032318115234,0.8973784446716309,5.787681579589844,0.75,3,3.532348394393921
0.04856964573264122,0.9855926632881165,0.08241558074951172,3.5758590698242188,0.5895581245422363,5.381734848022461,0.35714285714285715,9,3.3585710525512695
0.05354253202676773,1.0348191261291504,0.08427000045776367,3.9215164184570312,0.37182188034057617,5.764914512634277,0.42857142857142855,8,2.946033477783203
0.041790612041950226,0.9142276644706726,0.0701826810836792,3.1788158416748047,0.6727264523506165,5.428531646728516,0.45454545454545453,6,3.207939863204956
0.01798863150179386,0.5998104810714722,0.02809053659439087,2.137676239013672,0.8817079663276672,6.06563663482666,0.7272727272727273,3,2.8315553665161133
0.05056392028927803,1.0056233406066895,0.08358478546142578,3.769617795944214,0.4794601798057556,5.487155914306641,0.6428571428571429,5,3.3595266342163086
0.035102635622024536,0.837885856628418,0.05191528797149658,2.9541006088256836,0.5678938031196594,5.741433143615723,0.6428571428571429,5,4.392979621887207
0.022759748622775078,0.6746813654899597,0.03385317325592041,2.313730478286743,0.8601304292678833,6.142083168029785,0.8888888888888888,1,2.9545066356658936
0.01407048013061285,0.5304805040359497,0.021925151348114014,1.9213696718215942,0.9232391119003296,6.182502746582031,0.9,1,3.1156814098358154
0.02531098760664463,0.7114912271499634,0.042027950286865234,2.800687313079834,0.8377519845962524,5.637844085693359,0.75,3,3.715819835662842
0.05309322476387024,1.0304681062698364,0.09283888339996338,3.5972604751586914,0.5497103929519653,5.187610626220703,0.35714285714285715,9,3.2821044921875
0.08814767748117447,1.3277626037597656,0.13361918926239014,4.420501708984375,0.2214910089969635,5.573476314544678,0.7333333333333333,4,4.593442916870117
0.038550965487957,0.8780770301818848,0.0663643479347229,2.974163770675659,0.547798752784729,5.417957305908203,0.5,7,5.019697666168213
0.06214935705065727,1.1148933172225952,0.10009562969207764,3.923543930053711,0.5847851634025574,5.557446479797363,0.38461538461538464,8,3.464189291000366
0.0539102628827095,1.0383665561676025,0.0942111611366272,3.794846534729004,0.5086297988891602,5.10274076461792,0.45454545454545453,6,3.8134210109710693
0.0352138876914978,0.8392125964164734,0.05872100591659546,2.9895663261413574,0.6678123474121094,5.353643417358398,0.5454545454545454,5,3.123809814453125
0.09296776354312897,1.3635817766189575,0.16082298755645752,4.576534748077393,0.3187769055366516,4.826201438903809,0.4166666666666667,7,3.3493669033050537
0.03277035802602768,0.809572160243988,0.05529242753982544,2.850389003753662,0.7045046091079712,5.459506988525391,0.5,6,3.067594051361084
0.022881651297211647,0.6764857769012451,0.03701251745223999,2.3736681938171387,0.864059329032898,5.9125471115112305,0.8,2,3.1308329105377197
0.006444367114454508,0.3590088188648224,0.009960174560546875,1.2789030075073242,0.9706034660339355,6.132515907287598,1.0,0,2.8324835300445557
0.030821943655610085,0.7851362228393555,0.04746663570404053,2.8299343585968018,0.8483529686927795,5.999552249908447,0.8,2,2.968393325805664
0.032505378127098083,0.8062924742698669,0.052826106548309326,2.914846420288086,0.7739346623420715,5.810457229614258,0.75,3,3.0209150314331055
0.06545885652303696,1.1441926956176758,0.0963585376739502,4.125951766967773,0.08849690854549408,5.791343688964844,0.47058823529411764,9,4.891587734222412
0.0370926558971405,0.8613089323043823,0.06598889827728271,2.9441142082214355,0.6424022316932678,5.245585918426514,0.6153846153846154,5,3.990912437438965
0.01788458786904812,0.5980733633041382,0.023847758769989014,2.238494873046875,0.9173561334609985,6.3151326179504395,0.8333333333333334,2,3.2184860706329346
0.01421293057501316,0.533159077167511,0.020481467247009277,1.8158009052276611,0.9423306584358215,6.231649398803711,1.0,0,2.872939348220825
0.034499235451221466,0.830653190612793,0.05397123098373413,2.589813709259033,0.8068639039993286,5.940324783325195,0.7272727272727273,3,2.847654342651367
0.02484128065407276,0.7048586010932922,0.040685415267944336,2.576024055480957,0.8336133360862732,5.856007099151611,0.75,3,3.0459883213043213
0.007080554962158203,0.3763124942779541,0.010701417922973633,1.3237519264221191,0.957371711730957,6.181732654571533,0.8888888888888888,1,2.893314838409424
0.03362845629453659,0.820103108882904,0.047891974449157715,2.8823330402374268,0.8480222225189209,5.951737403869629,0.6666666666666666,4,3.8637993335723877
0.023424964398145676,0.6844700574874878,0.03798198699951172,2.274791717529297,0.8578274250030518,5.921158313751221,0.8181818181818182,2,2.958718776702881
0.016200318932533264,0.5692155957221985,0.020847678184509277,2.148367404937744,0.8754224181175232,6.202610969543457,0.7692307692307693,3,5.274656772613525
0.01728736236691475,0.5880027413368225,0.028394758701324463,2.0760300159454346,0.8744657635688782,5.913113594055176,0.9,1,2.8497397899627686
0.05329199507832527,1.0323952436447144,0.07778036594390869,3.712764263153076,0.7369388341903687,6.0339460372924805,0.7272727272727273,3,2.9468228816986084
0.025101443752646446,0.7085399627685547,0.04034900665283203,2.61185884475708,0.8419740796089172,5.960385799407959,0.7272727272727273,3,2.9994852542877197
0.00706852599978447,0.37599271535873413,0.01086568832397461,1.3772611618041992,0.9406643509864807,5.6856279373168945,0.8333333333333334,2,4.142812252044678
0.009404027834534645,0.43368253111839294,0.01401221752166748,1.4126856327056885,0.9647003412246704,6.177032470703125,0.8,2,3.2768261432647705
0.014323773793876171,0.5352340340614319,0.022397875785827637,1.8534938097000122,0.8859703540802002,6.060679912567139,0.7272727272727273,3,3.388383150100708
0.03170366957783699,0.7962872385978699,0.052834510803222656,2.8899810314178467,0.6927554607391357,5.254120826721191,0.7,3,2.9985477924346924
0.011527017690241337,0.4801461696624756,0.018554866313934326,1.6412444114685059,0.9402399063110352,6.047100067138672,1.0,0,2.8604321479797363
0.049208708107471466,0.9920555353164673,0.07712066173553467,3.459747314453125,0.6822928786277771,5.811322212219238,0.8,2,2.958364486694336
0.011408966965973377,0.4776812195777893,0.015933513641357422,1.7399827241897583,0.946962296962738,6.251465797424316,0.8888888888888888,1,3.0851500034332275
0.035767562687397,0.8457843661308289,0.06231570243835449,2.910891532897949,0.7028300762176514,5.318856239318848,0.38461538461538464,8,4.443808078765869
0.025705445557832718,0.7170138955116272,0.04215127229690552,2.5092968940734863,0.7865621447563171,5.800354957580566,0.8461538461538461,2,4.512483596801758
0.042779482901096344,0.924980878829956,0.07338970899581909,3.163926601409912,0.6316529512405396,5.354456424713135,0.4166666666666667,7,3.122401714324951
0.02890569530427456,0.7603380084037781,0.048543453216552734,2.7243428230285645,0.818087637424469,5.661464214324951,0.8,2,3.3551716804504395
0.05596795305609703,1.057997703552246,0.09411287307739258,3.9449050426483154,0.5715237855911255,5.367793560028076,0.6923076923076923,4,3.239698886871338
0.012490134686231613,0.4998026490211487,0.01928877830505371,1.7610410451889038,0.9180934429168701,6.121878623962402,0.9,1,2.8318090438842773
0.012356212362647057,0.4971159100532532,0.020090579986572266,1.6370800733566284,0.9176940321922302,6.00620174407959,0.8888888888888888,1,2.8321642875671387
0.01217695139348507,0.49349671602249146,0.019720375537872314,1.7414885759353638,0.9259591102600098,5.990538597106934,0.8888888888888888,1,2.9994330406188965
0.006861948873847723,0.37045779824256897,0.01009070873260498,1.2939765453338623,0.9765765070915222,6.211299896240234,0.8888888888888888,1,2.945688486099243
0.049983423203229904,0.9998342394828796,0.07955396175384521,3.2733278274536133,0.2372305989265442,5.638703346252441,0.5,8,4.989053249359131
0.01305291336029768,0.5109386444091797,0.02049189805984497,1.8951239585876465,0.9335057735443115,6.108965873718262,1.0,0,2.8761532306671143
0.012480511330068111,0.4996100664138794,0.020190000534057617,1.759674072265625,0.9220234155654907,6.006128311157227,0.8888888888888888,1,2.834871530532837
0.027900023385882378,0.7469942569732666,0.043482303619384766,2.682915210723877,0.8574222922325134,6.0302324295043945,0.6666666666666666,4,3.0408010482788086
0.01347536500543356,0.519140899181366,0.02037656307220459,1.761155605316162,0.9100695848464966,6.137116432189941,0.7272727272727273,3,3.012173891067505
0.011218836531043053,0.4736841917037964,0.018392086029052734,1.7354776859283447,0.9223185181617737,5.980633735656738,0.8888888888888888,1,3.2403862476348877
0.02645336464047432,0.7273700833320618,0.03638899326324463,2.4896392822265625,0.8677778244018555,6.147402286529541,0.7142857142857143,4,3.2681925296783447
0.007234088610857725,0.380370557308197,0.010255694389343262,1.3492391109466553,0.9595350027084351,6.2093706130981445,0.8,2,3.1971609592437744
0.03973986208438873,0.891514003276825,0.060585618019104004,3.2779226303100586,0.7510939240455627,5.978997230529785,0.7272727272727273,3,2.979614019393921
0.008879425935447216,0.42141252756118774,0.01305609941482544,1.5097472667694092,0.9557492136955261,6.265498161315918,0.8,2,3.097324848175049
0.08230911940336227,1.2830363512039185,0.1175004243850708,4.425009727478027,0.5924456119537354,5.963353157043457,0.6153846153846154,5,2.612879514694214
0.02384088933467865,0.6905199289321899,0.03627282381057739,2.378415584564209,0.8499380350112915,6.075461387634277,0.7272727272727273,3,3.2597310543060303
0.060052573680877686,1.095924973487854,0.1044381856918335,3.9514780044555664,0.5392509698867798,5.0769782066345215,0.45454545454545453,6,3.0165855884552
0.029109889641404152,0.7630188465118408,0.04818320274353027,2.797334671020508,0.716316819190979,5.23087215423584,0.6363636363636364,4,3.1159512996673584
0.04529644176363945,0.9518029689788818,0.07289403676986694,3.457005023956299,0.5811354517936707,5.646646976470947,0.6666666666666666,4,5.0940351486206055
0.08043008297681808,1.2683066129684448,0.1561882495880127,4.80019474029541,-0.24536243081092834,4.070496559143066,0.125,14,3.612720251083374
0.01377347856760025,0.5248519778251648,0.020889639854431152,2.051557779312134,0.8758215308189392,6.137733459472656,0.9090909090909091,1,4.037858963012695
0.03168269619345665,0.7960238456726074,0.0529513955116272,2.9087228775024414,0.6859114766120911,5.287812232971191,0.5,6,3.055840015411377
0.013031444512307644,0.5105182528495789,0.020239949226379395,1.9914448261260986,0.9292724132537842,6.147782802581787,1.0,0,2.9172799587249756
0.03240323066711426,0.8050246238708496,0.054679036140441895,2.7814676761627197,0.7028156518936157,5.290865898132324,0.5,5,2.846431016921997
0.015252468176186085,0.5523127317428589,0.024898290634155273,2.005682945251465,0.8842211961746216,5.802978515625,0.9166666666666666,1,3.2914395332336426
0.05895103141665459,1.085827112197876,0.09290385246276855,3.6852638721466064,0.4675493538379669,5.6615118980407715,0.6,6,4.652424335479736
0.06497544050216675,1.1399600505828857,0.10684800148010254,4.038359642028809,0.5118573904037476,5.426115036010742,0.4166666666666667,7,2.8854191303253174
0.028012115508317947,0.7484933733940125,0.04549741744995117,2.7754154205322266,0.7511206865310669,5.72001838684082,0.8333333333333334,2,3.375467538833618
0.05906596779823303,1.0868852138519287,0.07761800289154053,3.7828028202056885,0.41252270340919495,6.324892520904541,0.6428571428571429,5,2.88822865486145
0.014039009809494019,0.5298869609832764,0.021292924880981445,1.938299536705017,0.9380333423614502,6.204618453979492,0.9,1,2.9669265747070312
0.055290352553129196,1.051573634147644,0.09375786781311035,3.5620317459106445,0.3361813724040985,5.3231024742126465,0.4,9,5.118063926696777
0.018750637769699097,0.6123828291893005,0.030325651168823242,2.2882261276245117,0.8273310661315918,5.818991184234619,0.6153846153846154,5,3.2809009552001953
0.10391261428594589,1.4416145086288452,0.1678522825241089,5.041154861450195,0.22625602781772614,5.1279802322387695,0.6428571428571429,5,4.206331729888916
0.004753513261675835,0.30833467841148376,0.007145047187805176,1.1336135864257812,0.9744508266448975,6.154114723205566,0.8888888888888888,1,3.0882840156555176
0.006353200878947973,0.3564603924751282,0.010454356670379639,1.3008925914764404,0.9388731718063354,5.820486068725586,0.8461538461538461,2,5.058758735656738
0.022938376292586327,0.6773238182067871,0.03401613235473633,2.389582633972168,0.9047284722328186,5.9258222579956055,0.9166666666666666,1,3.679612874984741
0.009017711505293846,0.42468130588531494,0.013469457626342773,1.6221868991851807,0.9586815237998962,6.220484733581543,1.0,0,2.832352876663208
0.04289717599749565,0.9262524247169495,0.06256985664367676,3.244365930557251,0.7711068987846375,5.9303998947143555,0.6923076923076923,4,3.4524152278900146
0.05518540367484093,1.0505751371383667,0.08682906627655029,3.6428070068359375,0.5492216944694519,5.64085578918457,0.5714285714285714,6,3.309495210647583
0.010941174812614918,0.4677857458591461,0.01715266704559326,1.6309574842453003,0.9524354338645935,6.070329666137695,0.8333333333333334,2,3.600867986679077
0.022547811269760132,0.6715327501296997,0.03406554460525513,2.5481841564178467,0.8590042591094971,6.119476795196533,0.8,2,2.932908773422241
0.013799241743981838,0.525342583656311,0.019378066062927246,1.8140352964401245,0.9332377910614014,6.328462600708008,1.0,0,2.873797655105591
0.041433680802583694,0.9103150963783264,0.06775444746017456,2.8040223121643066,0.7497184872627258,5.658857345581055,0.9090909090909091,1,4.778504371643066
0.02043159119784832,0.6392431259155273,0.028210818767547607,2.2659003734588623,0.9045857787132263,6.310830593109131,0.9,1,2.87447190284729
0.03325865790247917,0.8155814409255981,0.054445624351501465,2.9358081817626953,0.8046145439147949,5.765990257263184,0.7272727272727273,3,3.0709569454193115
0.027537722140550613,0.742128312587738,0.04181396961212158,2.416212320327759,0.7953744530677795,5.80104923248291,0.6153846153846154,5,3.743901491165161
0.034975189715623856,0.8363634347915649,0.05212193727493286,3.0655901432037354,0.7777146697044373,5.961860656738281,0.6923076923076923,4,3.2672054767608643
0.012589463964104652,0.5017860531806946,0.018975138664245605,1.609358787536621,0.9283931851387024,6.151564598083496,1.0,0,2.929429769515991
0.04599704593420029,0.9591354727745056,0.07804149389266968,3.378396987915039,0.6122494339942932,5.272653102874756,0.4166666666666667,7,3.1524367332458496
0.009201976470649242,0.42899826169013977,0.015377163887023926,1.6104910373687744,0.9477817416191101,5.8921589851379395,0.8888888888888888,1,3.367584228515625
0.011254078708589077,0.47442761063575745,0.0183447003364563,1.585237741470337,0.9432217478752136,5.978848457336426,1.0,0,2.9070217609405518
0.027672693133354187,0.7439448237419128,0.03996312618255615,2.4685120582580566,0.8489750623703003,6.19411563873291,0.8,2,3.2508902549743652
0.011154687032103539,0.4723280072212219,0.016632080078125,1.8006267547607422,0.9449439644813538,6.049383640289307,0.8461538461538461,2,4.858985424041748
0.006112337578088045,0.3496380150318146,0.00924229621887207,1.2029682397842407,0.9635674357414246,6.144875526428223,0.8888888888888888,1,3.035146474838257
0.020928695797920227,0.6469728946685791,0.0352625846862793,2.4600844383239746,0.8313785195350647,5.628582000732422,0.6153846153846154,5,3.555605888366699
0.04623068496584892,0.9615683555603027,0.060828208923339844,3.3320021629333496,0.6983060240745544,6.2183837890625,0.6923076923076923,4,3.271770715713501
0.015710463747382164,0.5605437159538269,0.02346205711364746,2.0258376598358154,0.9141870141029358,6.216529846191406,0.8181818181818182,2,2.8861067295074463
0.05417930707335472,1.0409544706344604,0.08439135551452637,3.864143133163452,0.6476707458496094,5.784910678863525,0.6153846153846154,5,3.2230024337768555
0.02671176753938198,0.7309140563011169,0.04394710063934326,2.4902114868164062,0.8399866819381714,5.806884288787842,0.9,1,2.8830137252807617
0.047002144157886505,0.96955806016922,0.07814931869506836,3.420457601547241,0.5518119931221008,5.3915300369262695,0.38461538461538464,8,3.0449979305267334
0.01486214715987444,0.5451999306678772,0.024387836456298828,1.7483896017074585,0.9031077027320862,5.944395065307617,0.8888888888888888,1,2.928180694580078
0.028042851015925407,0.7489038705825806,0.04405403137207031,2.7255866527557373,0.811279296875,5.8381853103637695,0.6153846153846154,5,3.2815895080566406
0.04960290715098381,0.9960211515426636,0.08182680606842041,3.419523000717163,0.6860635876655579,5.561838150024414,0.6363636363636364,4,2.862987995147705
0.010514668188989162,0.45857754349708557,0.016086816787719727,1.6635255813598633,0.931980311870575,6.117313385009766,0.8888888888888888,1,3.3114748001098633
0.05892301723361015,1.085569143295288,0.09248495101928711,3.6406102180480957,0.17138329148292542,5.617515563964844,0.6,6,4.979865074157715
0.008817508816719055,0.41994068026542664,0.012302875518798828,1.49379563331604,0.9490667581558228,6.247621536254883,0.8,2,3.6811442375183105
0.031449563801288605,0.7930896878242493,0.04088085889816284,3.1712679862976074,0.874461829662323,6.323090553283691,0.9230769230769231,1,4.455014705657959
0.05738558992743492,1.0713131427764893,0.09349900484085083,3.8258509635925293,0.6040022373199463,5.549302101135254,0.38461538461538464,8,3.059157133102417
0.04726913571357727,0.9723079204559326,0.07743537425994873,3.5387725830078125,0.6667347550392151,5.61649227142334,0.5833333333333334,5,3.3201823234558105
0.04623987153172493,0.9616639018058777,0.07381796836853027,3.438184976577759,0.6982809901237488,5.745296001434326,0.8,2,3.06413197517395
0.03908829018473625,0.884175181388855,0.06778585910797119,3.001293897628784,0.2889781594276428,5.347428321838379,0.35714285714285715,9,3.757070779800415
0.024161217734217644,0.6951434016227722,0.03997522592544556,2.4513397216796875,0.8249045014381409,5.8021559715271,0.8181818181818182,2,2.820267677307129
0.060348134487867355,1.098618507385254,0.08707922697067261,4.093197822570801,0.7307500243186951,6.016443252563477,0.8,2,2.854895830154419
0.025291739031672478,0.7112206220626831,0.03134375810623169,2.596097230911255,0.9293245673179626,6.248023986816406,0.9166666666666666,1,3.430494546890259
0.03555814549326897,0.8433047533035278,0.04706448316574097,2.9944710731506348,0.8382260203361511,6.195764064788818,0.8333333333333334,2,3.321610927581787
0.0354415588080883,0.8419211506843567,0.06173759698867798,2.8966658115386963,0.7067000269889832,5.344455718994141,0.38461538461538464,8,4.492007255554199
0.035117655992507935,0.8380650877952576,0.0591045618057251,2.930919647216797,0.678004801273346,5.299912452697754,0.45454545454545453,6,3.0779874324798584
0.014010915532708168,0.5293564796447754,0.021350383758544922,2.0707621574401855,0.9043787121772766,5.914928913116455,0.8333333333333334,2,3.3440845012664795
0.04902635142207146,0.9902156591415405,0.08388286828994751,3.422801971435547,0.6092458367347717,5.2436323165893555,0.45454545454545453,6,2.943070411682129
0.031028110533952713,0.7877576947212219,0.05062836408615112,2.65990948677063,0.7579883933067322,5.553566932678223,0.6153846153846154,5,4.185174942016602
0.029676998034119606,0.7704154253005981,0.05241858959197998,2.5743045806884766,0.749285101890564,5.338759422302246,0.5,6,5.17164421081543
0.02209894359111786,0.6648148894309998,0.036792874336242676,2.2970337867736816,0.8704045414924622,5.729601860046387,0.8,2,3.1666486263275146
0.01009961124509573,0.44943544268608093,0.016391098499298096,1.5733627080917358,0.9342901110649109,6.026447296142578,0.9,1,2.8263649940490723
0.021797358989715576,0.660262942314148,0.031194448471069336,2.4282379150390625,0.6402928829193115,6.097428321838379,0.6666666666666666,5,4.742752552032471
0.01661292463541031,0.5764186978340149,0.025152087211608887,1.9441646337509155,0.9141239523887634,6.116694927215576,0.8,2,3.060462236404419
0.03192293271422386,0.7990360856056213,0.05361288785934448,2.9363808631896973,0.717161238193512,5.483027458190918,0.5833333333333334,5,2.9598066806793213
0.0942048504948616,1.372624158859253,0.1517183780670166,4.859954833984375,0.5949448943138123,5.246029853820801,0.6,4,3.0519216060638428
0.04799008369445801,0.979694664478302,0.08071190118789673,3.492311477661133,0.7289930582046509,5.456459999084473,0.6363636363636364,4,2.844399929046631
0.03333212062716484,0.8164817094802856,0.05729520320892334,3.132573366165161,0.1983482986688614,5.478517532348633,0.5,7,5.274656772613525
0.01715065911412239,0.5856732726097107,0.025545954704284668,2.085008144378662,0.8892015218734741,6.259771823883057,0.8181818181818182,2,3.068218231201172
0.009996684268116951,0.4471394419670105,0.014320731163024902,1.6131927967071533,0.9441403746604919,6.335205078125,0.9090909090909091,1,3.2627370357513428
0.038977861404418945,0.8829253911972046,0.06317412853240967,3.0621581077575684,0.7364409565925598,5.748386383056641,0.7272727272727273,3,2.8950531482696533
0.007942554540932178,0.3985612690448761,0.010884582996368408,1.394704818725586,0.969913899898529,6.2888569831848145,0.8,2,3.2801578044891357
0.00554179772734642,0.3329203426837921,0.006909608840942383,1.335137963294983,0.9774990081787109,6.3849778175354,0.8,2,3.045858144760132
0.038857556879520416,0.8815617561340332,0.06674420833587646,3.0958428382873535,0.6525545716285706,5.310016632080078,0.45454545454545453,6,2.857032537460327
0.013176989741623402,0.5133612751960754,0.02090078592300415,1.8103922605514526,0.9168520569801331,6.066744327545166,0.8888888888888888,1,2.8416178226470947
0.053548384457826614,1.0348756313323975,0.08994430303573608,3.551274299621582,0.5088727474212646,5.344316482543945,0.5,7,3.6616179943084717
0.03001374378800392,0.7747740745544434,0.050167739391326904,2.6462128162384033,0.8287773132324219,5.679299354553223,0.9,1,3.296177864074707
