MSE,Euclidean Distance,Cosine Distance
0.0009297672659158707,0.6899571418762207,0.05993962287902832
0.0011971455533057451,0.7829039096832275,0.06350970268249512
0.0006887513445690274,0.5938355922698975,0.02407240867614746
0.0020219418220221996,1.0174646377563477,0.09520292282104492
0.00022679383982904255,0.34076157212257385,0.011982321739196777
0.005156048107892275,1.6247758865356445,0.1279083490371704
0.0004060560022480786,0.4559612572193146,0.016050994396209717
0.001090409466996789,0.7471878528594971,0.035210490226745605
0.0010215968359261751,0.7232272028923035,0.03442704677581787
0.002549464348703623,1.1425085067749023,0.081443190574646
0.00152843096293509,0.88462233543396,0.032480061054229736
0.0017362384824082255,0.9428436160087585,0.04358792304992676
0.0021503251045942307,1.049269437789917,0.07838296890258789
0.005726538598537445,1.7123048305511475,0.10778367519378662
0.0030833547934889793,1.256454348564148,0.09462666511535645
0.0042067947797477245,1.4676098823547363,0.06204807758331299
0.002569077303633094,1.1468948125839233,0.09109234809875488
0.004762114025652409,1.5614744424819946,0.12539231777191162
0.005171666853129864,1.627234935760498,0.12323540449142456
0.00506474357098341,1.6103256940841675,0.08882796764373779
0.00023473132750950754,0.3466733992099762,0.007726490497589111
0.005921718664467335,1.7412409782409668,0.16173863410949707
0.0008901951950974762,0.6751147508621216,0.0587313175201416
0.002101830206811428,1.0373703241348267,0.06084907054901123
0.004091977141797543,1.4474433660507202,0.09003651142120361
0.004730926360934973,1.5563528537750244,0.08679372072219849
0.005207568407058716,1.632873296737671,0.11430346965789795
0.0015075632836669683,0.8785626888275146,0.07152724266052246
0.0016846545040607452,0.9287319779396057,0.03305470943450928
0.0011089532636106014,0.7535144686698914,0.04957723617553711
0.0023356815800070763,1.0935579538345337,0.08050662279129028
0.004416613839566708,1.503764033317566,0.14037513732910156
0.0011372650042176247,0.7630725502967834,0.04363095760345459
0.0074232155457139015,1.9495348930358887,0.3052031993865967
0.0025756428949534893,1.1483592987060547,0.11585891246795654
0.0023917912039905787,1.1066151857376099,0.03759467601776123
0.0014819656498730183,0.871071994304657,0.06415843963623047
0.001520516467280686,0.882328987121582,0.10017204284667969
0.0046012867242097855,1.5348807573318481,0.12768101692199707
0.0006855375831946731,0.5924485325813293,0.031623661518096924
0.0022503819782286882,1.0734037160873413,0.06983566284179688
0.002874055877327919,1.2130608558654785,0.10144102573394775
0.007077575661242008,1.9036067724227905,0.1456770896911621
0.0019610824529081583,1.0020350217819214,0.09072303771972656
0.004720799159258604,1.554686188697815,0.164139986038208
0.004194377921521664,1.465442419052124,0.09381651878356934
0.0035790284164249897,1.3536847829818726,0.10540586709976196
0.0020310934633016586,1.0197646617889404,0.08675557374954224
0.0006075057317502797,0.5577122569084167,0.027158915996551514
0.002456482034176588,1.1214805841445923,0.06150496006011963
0.00182941067032516,0.9678110480308533,0.07834100723266602
0.0024514736142009497,1.1203367710113525,0.057492971420288086
0.0020350913982838392,1.0207676887512207,0.06467103958129883
0.0005461745895445347,0.5288112759590149,0.01957404613494873
0.0028741913847625256,1.2130894660949707,0.08422696590423584
0.00614733062684536,1.774100661277771,0.17839670181274414
0.005608916282653809,1.694628357887268,0.1433781385421753
0.0008518511895090342,0.6604148745536804,0.038034796714782715
0.00335872545838356,1.3113609552383423,0.12582647800445557
0.002179410308599472,1.0563418865203857,0.04876208305358887
0.0026618510019034147,1.167419195175171,0.017713308334350586
0.0022204695269465446,1.0662459135055542,0.045154869556427
0.001956415129825473,1.0008419752120972,0.04171258211135864
0.0004361335013527423,0.47254666686058044,0.018128514289855957
0.0008029623422771692,0.6411838531494141,0.03354537487030029
0.003844477701932192,1.402987003326416,0.0944892168045044
0.0032418949995189905,1.2883517742156982,0.10868513584136963
0.0011129425838589668,0.7548686265945435,0.032129645347595215
0.0010575249325484037,0.7358347177505493,0.08245235681533813
0.0015245354734361172,0.8834943175315857,0.03987014293670654
0.0008958701509982347,0.6772632598876953,0.0748363733291626
0.0028281148988753557,1.2033265829086304,0.09520465135574341
0.002525682793930173,1.1371673345565796,0.1100379228591919
0.00020768363901879638,0.3260889947414398,0.007200717926025391
0.003456195816397667,1.3302526473999023,0.09540200233459473
0.0021178063470870256,1.0413053035736084,0.06887203454971313
0.0037174869794398546,1.3796206712722778,0.1133807897567749
0.001711761811748147,0.9361741542816162,0.04858165979385376
0.005126724485307932,1.62014901638031,0.1992436647415161
0.0024099014699459076,1.1107968091964722,0.047332048416137695
0.0021922593005001545,1.0594511032104492,0.11196374893188477
0.001491043483838439,0.873735785484314,0.06078404188156128
0.002879621461033821,1.2142348289489746,0.0784919261932373
0.0019275547238066792,0.9934324622154236,0.08781647682189941
0.004386138170957565,1.4985668659210205,0.10233080387115479
0.0033074012026190758,1.3013029098510742,0.22551822662353516
0.001373163191601634,0.8384864926338196,0.06278634071350098
0.0017824952956289053,0.9553206562995911,0.06267476081848145
0.0010228409664705396,0.7236674427986145,0.02765476703643799
0.00043912697583436966,0.47416558861732483,0.013268470764160156
0.0016843904741108418,0.928659200668335,0.17303460836410522
0.005712863523513079,1.7102590799331665,0.3087073564529419
0.0007313622627407312,0.6119292974472046,0.017123878002166748
0.0017999815754592419,0.9599950909614563,0.07615453004837036
0.003609629347920418,1.3594595193862915,0.16250944137573242
0.00261122127994895,1.1562634706497192,0.0838017463684082
0.003516350407153368,1.3417792320251465,0.08441042900085449
0.0020855702459812164,1.033349871635437,0.07186001539230347
0.0035728937946259975,1.3525241613388062,0.12980473041534424
0.0023763314820826054,1.1030329465866089,0.07460737228393555
0.0017165441531687975,0.9374809861183167,0.06919550895690918
0.00200571957975626,1.0133748054504395,0.045447468757629395
0.0020687063224613667,1.0291635990142822,0.06814336776733398
0.000430854270234704,0.46967795491218567,0.00951319932937622
0.002740625524893403,1.1845675706863403,0.06678879261016846
0.0025277845561504364,1.137640357017517,0.06687027215957642
0.005148149095475674,1.6235308647155762,0.13278216123580933
0.0008461537072435021,0.6582026481628418,0.0304567813873291
0.0023779976181685925,1.103419542312622,0.07083898782730103
0.003004050115123391,1.2401909828186035,0.10777944326400757
0.00044981593964621425,0.47990182042121887,0.018607258796691895
0.0010973652824759483,0.7495672106742859,0.05491584539413452
0.0017153960652649403,0.9371674060821533,0.05147528648376465
0.004197972360998392,1.4660701751708984,0.12803244590759277
0.0009996480075642467,0.7154158353805542,0.014427661895751953
0.0026807147078216076,1.1715484857559204,0.07111406326293945
0.0022537484765052795,1.0742063522338867,0.09482300281524658
0.0008969363989308476,0.677666187286377,0.03638255596160889
0.0009320851531811059,0.6908166408538818,0.034391164779663086
0.0017608912894502282,0.9495137333869934,0.06546902656555176
0.004182163625955582,1.4633071422576904,0.1569967269897461
0.018165672197937965,3.049725294113159,0.33505964279174805
0.0012131937546655536,0.788133978843689,0.04385274648666382
0.0016342760063707829,0.9147400259971619,0.034694135189056396
0.0023734199348837137,1.102357029914856,0.07479554414749146
0.0008672969415783882,0.6663752794265747,0.05305290222167969
0.003260193159803748,1.2919825315475464,0.10046631097793579
0.0016767166089266539,0.9265413880348206,0.08519846200942993
0.0037038633599877357,1.3770904541015625,0.13939803838729858
0.0017919616075232625,0.9578540325164795,0.033704280853271484
0.0048638381995260715,1.578063726425171,0.23388898372650146
0.0010083471424877644,0.7185218930244446,0.020812630653381348
0.00030654354486614466,0.396169513463974,0.011268258094787598
0.0025403876788914204,1.1404728889465332,0.05868232250213623
0.0035292766988277435,1.3442431688308716,0.11650490760803223
0.0032523577101528645,1.2904289960861206,0.06457638740539551
0.0026646326296031475,1.1680290699005127,0.09203660488128662
0.002284819260239601,1.0815856456756592,0.0886530876159668
0.0057949223555624485,1.7224982976913452,0.16013789176940918
0.0008580290013924241,0.6628052592277527,0.03539693355560303
0.0015382713172584772,0.8874654173851013,0.07463669776916504
0.0012826567981392145,0.8103827834129333,0.03433406352996826
0.002189351711422205,1.0587483644485474,0.06778502464294434
0.004573812708258629,1.5302915573120117,0.16213512420654297
0.003661593422293663,1.369209885597229,0.12078213691711426
0.00249278312548995,1.1297366619110107,0.07140779495239258
0.0009026281186379492,0.6798129081726074,0.05878746509552002
0.0024696574546396732,1.1244841814041138,0.05265998840332031
0.0014933424536138773,0.8744091391563416,0.10222601890563965
0.0006229384453035891,0.5647516846656799,0.019872069358825684
0.0006824011798016727,0.5910916924476624,0.02990889549255371
0.000381824211217463,0.44214701652526855,0.00753331184387207
0.0011952908243983984,0.7822971940040588,0.04702138900756836
0.00287507358007133,1.2132755517959595,0.09164458513259888
0.0008510433835908771,0.6601016521453857,0.036057114601135254
0.0016359728761017323,0.9152147769927979,0.059772610664367676
0.003048627870157361,1.2493587732315063,0.08034133911132812
0.001536433701403439,0.8869351744651794,0.05698186159133911
0.002862104680389166,1.2105361223220825,0.047545552253723145
0.0014646004419773817,0.8659535050392151,0.09337592124938965
0.005140273366123438,1.622288465499878,0.12300741672515869
0.0030755908228456974,1.2548714876174927,0.11998289823532104
0.002280822955071926,1.080639362335205,0.05721104145050049
0.001948866294696927,0.9989091753959656,0.03271359205245972
0.0016563788522034883,0.9209049940109253,0.05914747714996338
0.0019185488345101476,0.9911089539527893,0.060033202171325684
0.0164478812366724,2.9019501209259033,0.3247612714767456
0.0009699271759018302,0.7047004699707031,0.04223072528839111
0.002024440560489893,1.0180931091308594,0.05885672569274902
0.0025319713167846203,1.1385821104049683,0.10395491123199463
0.001676787855103612,0.9265610575675964,0.11085408926010132
0.003090796759352088,1.2579697370529175,0.05738413333892822
0.007644942495971918,1.9784363508224487,0.19064652919769287
0.0008709679823368788,0.6677840948104858,0.03088158369064331
0.0010194126516580582,0.7224536538124084,0.05180412530899048
0.004216570407152176,1.4693140983581543,0.09564828872680664
0.0020925679709762335,1.0350819826126099,0.08742880821228027
0.0016177198849618435,0.9100947976112366,0.028248250484466553
0.0015183263458311558,0.8816933035850525,0.08439218997955322
0.0015924519393593073,0.9029592275619507,0.14403820037841797
0.0011355509050190449,0.7624972462654114,0.026871562004089355
0.0018097541760653257,0.9625976085662842,0.07549166679382324
0.0013525704853236675,0.8321754932403564,0.0401759147644043
0.0019817324355244637,1.0072969198226929,0.08000373840332031
0.0019057117169722915,0.9877876043319702,0.07199275493621826
0.0022777498234063387,1.0799111127853394,0.020075678825378418
0.0003307211445644498,0.4114963114261627,0.012303709983825684
0.006239602342247963,1.7873657941818237,0.12444764375686646
0.0011922926642000675,0.7813154458999634,0.028354525566101074
0.0022000358439981937,1.0613285303115845,0.060211181640625
0.000871972762979567,0.6681692004203796,0.04743647575378418
0.0028427299112081528,1.2064318656921387,0.11416018009185791
0.0013562440872192383,0.8333048224449158,0.03260618448257446
0.003567007603123784,1.3514095544815063,0.07833874225616455
0.0005408562137745321,0.5262303352355957,0.023560404777526855
0.0018229623092338443,0.9661038517951965,0.05503225326538086
0.005317671690136194,1.6500447988510132,0.21105074882507324
0.002262552035972476,1.0763022899627686,0.08276921510696411
0.0009316337527707219,0.6906493306159973,0.06753158569335938
0.00029431338771246374,0.38818609714508057,0.014685988426208496
0.0027333484031260014,1.182993769645691,0.08289128541946411
0.009678399190306664,2.2260594367980957,0.17992985248565674
0.007295933552086353,1.932748794555664,0.3195285201072693
0.0015686142724007368,0.8961755037307739,0.0649334192276001
0.0007699062116444111,0.6278470754623413,0.04873734712600708
0.003776335623115301,1.3904976844787598,0.12799274921417236
0.0046213548630476,1.538224220275879,0.1585559844970703
0.00792971532791853,2.0149476528167725,0.24215728044509888
0.0005836884956806898,0.5466703772544861,0.022464215755462646
0.0026160012930631638,1.1573213338851929,0.05387425422668457
0.0021331459283828735,1.045069694519043,0.054958999156951904
0.0010353473480790854,0.7280781865119934,0.04227399826049805
0.0008576874388381839,0.6626733541488647,0.03025221824645996
0.0016142982058227062,0.9091318249702454,0.05061900615692139
0.0022320507559925318,1.0690228939056396,0.04434537887573242
0.0049872370436787605,1.597956657409668,0.1952744722366333
0.002823706716299057,1.2023884057998657,0.0747990608215332
0.0025652479380369186,1.1460397243499756,0.09817612171173096
0.002567480318248272,1.146538257598877,0.08360028266906738
0.001855202834121883,0.9746096134185791,0.06144821643829346
0.006414135918021202,1.812191367149353,0.14958393573760986
0.003048179903998971,1.2492669820785522,0.06608790159225464
0.002002997789531946,1.0126869678497314,0.04878437519073486
0.0017982572317123413,0.9595351219177246,0.08304542303085327
0.00029224486206658185,0.3868195712566376,0.010342121124267578
0.0013479440240189433,0.8307510614395142,0.05904942750930786
0.0024033733643591404,1.1092913150787354,0.08236265182495117
0.0022785095497965813,1.080091118812561,0.08389711380004883
0.001069605234079063,0.7400255799293518,0.03608131408691406
0.0011298286262899637,0.7605736255645752,0.04593455791473389
0.0015630614943802357,0.8945878744125366,0.0861198902130127
0.001581382006406784,0.8998153209686279,0.04802733659744263
0.005742226727306843,1.714648723602295,0.1356961727142334
0.0020404569804668427,1.022112488746643,0.0605463981628418
0.004572102800011635,1.5300054550170898,0.0958636999130249
0.0015404715668410063,0.8880999088287354,0.08428287506103516
0.001040095929056406,0.7297459244728088,0.02052706480026245
0.0018331586616113782,0.9688019752502441,0.07771235704421997
0.0007214230136014521,0.607757031917572,0.014996170997619629
0.0006260649533942342,0.5661671757698059,0.011221885681152344
0.001207938650622964,0.7864251732826233,0.037355780601501465
0.002322360873222351,1.0904351472854614,0.10056185722351074
0.004128162749111652,1.4538291692733765,0.1089487075805664
0.0015679624630138278,0.8959892988204956,0.06723880767822266
0.0008407460409216583,0.6560959815979004,0.04046064615249634
0.0002991615328937769,0.3913702964782715,0.010019242763519287
0.0012910314835608006,0.8130240440368652,0.03758329153060913
0.0016861450858414173,0.9291427731513977,0.04916965961456299
0.0016929206904023886,0.9310077428817749,0.07579302787780762
0.0011190155055373907,0.7569253444671631,0.09681856632232666
0.003535762894898653,1.345477819442749,0.1125725507736206
0.003238626988604665,1.287702202796936,0.13130486011505127
0.008452095091342926,2.0802578926086426,0.4099084734916687
0.0022743665613234043,1.079108715057373,0.034158289432525635
0.0005360522773116827,0.523888111114502,0.022763550281524658
0.000968060689046979,0.7040220499038696,0.034390807151794434
0.0024372288025915623,1.117077112197876,0.08822250366210938
0.0016945754177868366,0.9314626455307007,0.06195348501205444
0.0024673272855579853,1.1239535808563232,0.0703352689743042
0.004039298743009567,1.438096284866333,0.0468524694442749
0.002020551124587655,1.0171146392822266,0.15027105808258057
0.00197500828653574,1.0055865049362183,0.14335983991622925
0.00046243396354839206,0.4865862727165222,0.018220365047454834
0.001188446767628193,0.7800543308258057,0.08683913946151733
0.0016894659493118525,0.9300572872161865,0.035019755363464355
0.001124514383263886,0.7587828040122986,0.029914140701293945
0.004986663348972797,1.5978647470474243,0.10674774646759033
0.0037631788291037083,1.3880733251571655,0.1319568157196045
0.0015542278997600079,0.8920564651489258,0.062444329261779785
0.0006900876760482788,0.5944113731384277,0.025011897087097168
0.002013829303905368,1.0154213905334473,0.09842389822006226
0.001127550145611167,0.7598063349723816,0.033209025859832764
0.0017185944598168135,0.9380407333374023,0.04366213083267212
0.00126863201148808,0.8059402108192444,0.03330028057098389
0.0010331727098673582,0.7273131608963013,0.024926066398620605
0.0010206532897427678,0.7228931188583374,0.026187539100646973
0.006663518026471138,1.8470845222473145,0.3919525742530823
0.0021604872308671474,1.051745891571045,0.07293897867202759
0.00119112734682858,0.7809335589408875,0.0423206090927124
0.0017661330057308078,0.9509259462356567,0.1001349687576294
0.00039320485666394234,0.44868797063827515,0.016191422939300537
0.0008506168378517032,0.659936249256134,0.049115657806396484
0.0016301427967846394,0.9135825634002686,0.07962667942047119
0.0023760986514389515,1.1029789447784424,0.07400649785995483
0.0013503292575478554,0.8314857482910156,0.055977821350097656
0.0007355043198913336,0.613659679889679,0.016921520233154297
0.0011166196782141924,0.7561146020889282,0.03335702419281006
0.001281501492485404,0.8100177645683289,0.058794379234313965
0.001144007546827197,0.7653312087059021,0.026932954788208008
0.003000326920300722,1.2394222021102905,0.18371617794036865
0.0006887405761517584,0.593830943107605,0.015019059181213379
0.0012211368884891272,0.7907098531723022,0.049132347106933594
0.001764774089679122,0.9505600333213806,0.05035841464996338
0.0019047160167247057,0.9875295162200928,0.07371354103088379
0.0025163483805954456,1.1350640058517456,0.06696772575378418
0.0016261257696896791,0.912456214427948,0.04113805294036865
0.0006920211017131805,0.5952434539794922,0.018343031406402588
0.0002791647566482425,0.37806394696235657,0.014076530933380127
0.0008832656312733889,0.6724819540977478,0.014843404293060303
0.0018293200992047787,0.9677870869636536,0.08415675163269043
0.0018145064823329449,0.9638606309890747,0.13417482376098633
0.0008988809422589839,0.6784003376960754,0.020081520080566406
0.0036043627187609673,1.35846745967865,0.06512641906738281
0.0017465827986598015,0.9456481337547302,0.07112860679626465
0.0013967386912554502,0.8456537127494812,0.06986474990844727
0.0017416190821677446,0.9443034529685974,0.0566791296005249
0.0020346997771412134,1.0206695795059204,0.0700608491897583
0.0008378729689866304,0.6549740433692932,0.012109160423278809
0.0018171481788158417,0.9645619988441467,0.04781341552734375
0.0024472412187606096,1.1193692684173584,0.07533890008926392
0.0018353471532464027,0.9693800806999207,0.08191323280334473
0.0007508427370339632,0.6200253963470459,0.03599601984024048
0.004720100201666355,1.5545711517333984,0.13392192125320435
0.009751686826348305,2.234471559524536,0.3899862766265869
0.0026347897946834564,1.1614699363708496,0.07814788818359375
0.0023025067057460546,1.085763931274414,0.08410799503326416
0.0017886346904560924,0.9569644331932068,0.09751039743423462
0.00461299903690815,1.5368329286575317,0.3211855888366699
0.0011977136600762606,0.7830896377563477,0.02263474464416504
0.0022142292000353336,1.064746618270874,0.05055016279220581
0.0021764959674328566,1.0556353330612183,0.1431407928466797
0.0006709877634420991,0.586127758026123,0.02586650848388672
0.0013360658194869757,0.827082633972168,0.046045124530792236
0.0012950771488249302,0.8142969608306885,0.044850826263427734
0.0003433180972933769,0.4192599058151245,0.015218138694763184
0.0012494196416810155,0.7998142838478088,0.03706759214401245
0.002663671039044857,1.167818307876587,0.07256925106048584
0.001051905914209783,0.7338772416114807,0.035540878772735596
0.008864558301866055,2.1304116249084473,0.28416723012924194
0.0003620006318669766,0.4305163323879242,0.019930720329284668
0.009304685518145561,2.1826586723327637,0.2842943072319031
0.0007529432186856866,0.6208920478820801,0.021253108978271484
0.001799626974388957,0.9599004983901978,0.10165762901306152
0.0016018552705645561,0.9056212902069092,0.03798907995223999
0.004431338049471378,1.5062686204910278,0.26185011863708496
0.001078188419342041,0.7429888844490051,0.039351463317871094
0.0012407740578055382,0.7970422506332397,0.06254076957702637
0.013008631765842438,2.5807788372039795,0.6650588512420654
0.00225695688277483,1.0749706029891968,0.07171332836151123
0.0027372301556169987,1.1838334798812866,0.07434076070785522
0.002024729736149311,1.0181658267974854,0.10045933723449707
0.0006327423034235835,0.5691784024238586,0.029066085815429688
0.0014636003179475665,0.8656577467918396,0.05082517862319946
0.0011341031640768051,0.7620110511779785,0.04426664113998413
0.003036281792446971,1.2468265295028687,0.10123729705810547
0.011239252984523773,2.398853302001953,0.6108992695808411
0.0008838584180921316,0.6727076172828674,0.017405152320861816
0.0014276730362325907,0.8549669981002808,0.049797773361206055
0.0016960724024102092,0.9318739771842957,0.032765746116638184
0.0008596091065555811,0.6634153127670288,0.01621943712234497
0.0008457506773993373,0.6580458283424377,0.018900275230407715
0.0020897809881716967,1.0343924760818481,0.02926093339920044
0.001042180578224361,0.7304768562316895,0.027433156967163086
0.001574610359966755,0.8978866934776306,0.06610757112503052
0.0006580048357136548,0.5804295539855957,0.02178901433944702
0.001747378846630454,0.9458636045455933,0.04323220252990723
0.0008032579789869487,0.6413018703460693,0.02397221326828003
0.0016771687660366297,0.926666259765625,0.07062011957168579
0.0036299871280789375,1.3632876873016357,0.0933767557144165
0.0013602313119918108,0.8345288634300232,0.04735255241394043
0.0007701566210016608,0.6279491782188416,0.04894554615020752
0.0011648728977888823,0.7722790241241455,0.03444540500640869
0.0014440873637795448,0.8598678708076477,0.033808231353759766
0.0023352496791630983,1.0934568643569946,0.09444582462310791
0.0007065163808874786,0.6014452576637268,0.010909795761108398
0.005895402282476425,1.7373675107955933,0.17849081754684448
0.0021210075356066227,1.0420920848846436,0.07341337203979492
0.001390485791489482,0.8437587022781372,0.05420243740081787
0.0037519303150475025,1.3859971761703491,0.116527259349823
0.001468080561608076,0.8669816851615906,0.10070514678955078
0.0023181517608463764,1.0894465446472168,0.1116451621055603
0.0010153099428862333,0.7209984064102173,0.03895610570907593
0.004707097075879574,1.5524283647537231,0.1182105541229248
0.0015211445279419422,0.8825111985206604,0.04280763864517212
0.0008596628904342651,0.6634360551834106,0.041364073753356934
0.00040324905421584845,0.4543825685977936,0.012302100658416748
0.0028925142250955105,1.2169499397277832,0.09786725044250488
0.0009214369347319007,0.6868593096733093,0.021066009998321533
0.0025744312442839146,1.1480891704559326,0.08134937286376953
0.0011593878734856844,0.7704586982727051,0.06294167041778564
0.002414924558252096,1.111953854560852,0.0709758996963501
0.0033013629727065563,1.3001145124435425,0.14132022857666016
0.001021500676870346,0.7231931686401367,0.04332625865936279
0.004421317018568516,1.5045645236968994,0.24828505516052246
0.0009559030877426267,0.6995872855186462,0.04362523555755615
0.0012859064154326916,0.8114086985588074,0.03946000337600708
0.001518234726972878,0.8816667199134827,0.05503493547439575
0.0012323722476139665,0.7943390607833862,0.06056225299835205
0.0018403803696855903,0.9707083702087402,0.020397305488586426
0.004125829786062241,1.4534183740615845,0.13822317123413086
0.00029138827812857926,0.3862522542476654,0.007711589336395264
0.0028559411875903606,1.209231972694397,0.08527958393096924
0.008178270421922207,2.046283006668091,0.3151928186416626
0.0010842998744919896,0.7450916171073914,0.035494089126586914
0.0032553281635046005,1.2910182476043701,0.08547687530517578
0.0061902920715510845,1.7802891731262207,0.19582754373550415
0.0007194223580881953,0.606913685798645,0.026978254318237305
0.003940377850085497,1.4203779697418213,0.11415690183639526
0.0006829802878201008,0.5913424491882324,0.014155983924865723
0.004960459657013416,1.5936609506607056,0.09911739826202393
0.0034411405213177204,1.3273522853851318,0.10358095169067383
0.0019169461447745562,0.9906949400901794,0.10076403617858887
0.0013645798899233341,0.8358618021011353,0.03027474880218506
0.0018288467545062304,0.9676619172096252,0.04698890447616577
0.0012283005053177476,0.7930257320404053,0.03331434726715088
0.0009301205864176154,0.6900882124900818,0.033055126667022705
0.0018985511269420385,0.9859300851821899,0.05010628700256348
0.001559619908221066,0.8936024904251099,0.07519924640655518
0.0016968194395303726,0.9320791363716125,0.017655014991760254
0.0010006363736465573,0.7157694101333618,0.03963339328765869
0.001672315876930952,0.9253246784210205,0.019795536994934082
0.0013138093054294586,0.8201648592948914,0.06578248739242554
0.0014079948887228966,0.8490543961524963,0.056414246559143066
0.0017512037884443998,0.9468982815742493,0.03415334224700928
0.0013625179417431355,0.8352299928665161,0.04921567440032959
0.0005951705388724804,0.5520211458206177,0.02969062328338623
0.0012761986581608653,0.8083400726318359,0.04182875156402588
0.0007425992516800761,0.6166123747825623,0.027052998542785645
0.0012646950781345367,0.8046886920928955,0.020087838172912598
0.0022163602989166975,1.0652588605880737,0.08704018592834473
0.0024512072559446096,1.120275855064392,0.14859545230865479
0.0014289859682321548,0.8553600311279297,0.045495808124542236
0.0025039375759661198,1.1322615146636963,0.07549726963043213
0.0010545342229306698,0.7347935438156128,0.015548229217529297
0.0013882489874958992,0.8430797457695007,0.048345327377319336
0.0017119348049163818,0.9362214803695679,0.058234572410583496
0.0010668248869478703,0.7390631437301636,0.024989843368530273
0.0027708816342055798,1.191088318824768,0.11612236499786377
0.000254827958997339,0.361208975315094,0.011198878288269043
0.0018367168959230185,0.9697417616844177,0.0722765326499939
0.0009460402652621269,0.6959688067436218,0.02213287353515625
0.0008021621033549309,0.6408642530441284,0.026464104652404785
0.0030225496739149094,1.2440037727355957,0.07723796367645264
0.00285892141982913,1.2098627090454102,0.1747044324874878
0.006015040911734104,1.7549077272415161,0.32309770584106445
0.005661895498633385,1.7026128768920898,0.3364419937133789
0.0014716804726049304,0.8680440187454224,0.0407947301864624
0.0002778178604785353,0.37715083360671997,0.006755650043487549
0.003219838719815016,1.2839616537094116,0.09595012664794922
0.0010817823931574821,0.7442261576652527,0.08526629209518433
0.0013254815712571144,0.8238000869750977,0.049142539501190186
0.003317530732601881,1.3032941818237305,0.08313053846359253
0.0021076493430882692,1.0388052463531494,0.034499526023864746
0.0026549161411821842,1.1658974885940552,0.10755705833435059
0.0008186752093024552,0.647426962852478,0.01824963092803955
0.006075641140341759,1.7637256383895874,0.37343400716781616
0.0016120632644742727,0.9085022807121277,0.05903249979019165
0.0021274909377098083,1.0436835289001465,0.05749619007110596
0.0033516613766551018,1.309981107711792,0.09952521324157715
0.008069148287177086,2.032585620880127,0.44806814193725586
0.0027440895792096853,1.1853159666061401,0.17249464988708496
0.002516837092116475,1.13517427444458,0.16251873970031738
0.0013213630300015211,0.8225192427635193,0.039014339447021484
0.0021747546270489693,1.0552129745483398,0.09051340818405151
0.001490606926381588,0.873607873916626,0.06240236759185791
0.0017186448676511645,0.9380544424057007,0.05672997236251831
0.002927956636995077,1.224382996559143,0.2138802409172058
0.0010588234290480614,0.7362863421440125,0.08082705736160278
0.001764936838299036,0.9506038427352905,0.05716848373413086
0.010519435629248619,2.320765256881714,0.5731573104858398
0.008891054429113865,2.1335930824279785,0.5738827884197235
0.0036029471084475517,1.3582006692886353,0.1508340835571289
0.0011092985514551401,0.7536317706108093,0.026192009449005127
0.0012920503504574299,0.8133448362350464,0.03228485584259033
0.0010755846742540598,0.742091178894043,0.04508250951766968
0.0023089847527444363,1.0872902870178223,0.07908302545547485
0.000796831154730171,0.6387311816215515,0.016773998737335205
0.0014662754256278276,0.8664485216140747,0.03258723020553589
0.002685991581529379,1.1727010011672974,0.08814704418182373
0.0017088508466258645,0.9353777766227722,0.045955777168273926
0.0008868463337421417,0.6738436818122864,0.022606611251831055
0.0016576561611145735,0.9212599992752075,0.10229021310806274
0.0005212544929236174,0.5166065096855164,0.012646496295928955
0.0007999928784556687,0.639997124671936,0.040332794189453125
0.006402506958693266,1.8105478286743164,0.24137353897094727
0.000951895141042769,0.6981191039085388,0.03747546672821045
0.0017265478381887078,0.9402087330818176,0.055591583251953125
0.0006018857238814235,0.5551265478134155,0.02725660800933838
0.0015513920225203037,0.8912422060966492,0.04618847370147705
0.0017697189468890429,0.9518908262252808,0.052209556102752686
0.003380106296390295,1.315528154373169,0.06312298774719238
0.0008814353495836258,0.6717848777770996,0.03861868381500244
0.0011271133553236723,0.7596591711044312,0.03425854444503784
0.002054334618151188,1.0255824327468872,0.10032570362091064
0.003436984959989786,1.3265504837036133,0.08808863162994385
0.0008977961260825396,0.6779908537864685,0.025168299674987793
0.0020000217482447624,1.0119343996047974,0.07072210311889648
0.0008500801050104201,0.6597279906272888,0.02549642324447632
0.0008422934915870428,0.656699538230896,0.04876220226287842
0.0007992235478013754,0.6396893262863159,0.033776044845581055
0.0036439450923353434,1.3659062385559082,0.14864885807037354
0.008152419701218605,2.043046474456787,0.42637085914611816
0.0024555267300456762,1.121262550354004,0.1167343258857727
0.0009459168650209904,0.6959234476089478,0.027733683586120605
0.0007701832801103592,0.6279600858688354,0.020364344120025635
0.002542749745771289,1.1410030126571655,0.06672465801239014
0.003317013382911682,1.3031926155090332,0.11667585372924805
0.0016531748697161674,0.9200139045715332,0.0918799638748169
0.011320462450385094,2.4075043201446533,0.3779837489128113
0.0016083428636193275,0.9074533581733704,0.04173952341079712
0.0026743034832179546,1.1701467037200928,0.16523194313049316
0.0014744994696229696,0.8688749670982361,0.06691360473632812
0.0012704627588391304,0.806521475315094,0.04932606220245361
0.0011437761131674051,0.7652537822723389,0.05106091499328613
0.00337044196203351,1.3136461973190308,0.11142838001251221
0.002897625556215644,1.218024730682373,0.10698962211608887
0.0017035662895068526,0.9339303970336914,0.0408363938331604
0.0027033188380301,1.1764774322509766,0.04042315483093262
0.0006243485258892179,0.5653905272483826,0.023067057132720947
0.003574459347873926,1.3528203964233398,0.09715288877487183
0.0006092339754104614,0.5585049390792847,0.027311325073242188
0.0003966657677665353,0.45065826177597046,0.0165175199508667
0.0018145852955058217,0.9638815522193909,0.07591331005096436
0.0013644410064443946,0.8358192443847656,0.0799410343170166
0.003479369916021824,1.3347049951553345,0.14726048707962036
0.001647234195843339,0.9183593392372131,0.06319504976272583
0.0019078130135312676,0.9883320331573486,0.11071181297302246
0.0022397865541279316,1.0708738565444946,0.0951547622680664
0.0010886838426813483,0.7465963363647461,0.05426609516143799
0.0013413750566542149,0.8287243247032166,0.06753993034362793
0.0031276079826056957,1.2654387950897217,0.12594181299209595
0.0018822858110070229,0.981697678565979,0.03138577938079834
0.00025289514451287687,0.35983651876449585,0.009297192096710205
0.0038087477441877127,1.3964521884918213,0.08308303356170654
0.004495698027312756,1.517167568206787,0.15688294172286987
0.0034492816776037216,1.3289214372634888,0.06841039657592773
0.0024788682349026203,1.1265791654586792,0.08527672290802002
0.002621254650875926,1.1584827899932861,0.08661532402038574
0.005578953307121992,1.6900959014892578,0.1535612940788269
0.0007997752400115132,0.639910101890564,0.03531366586685181
0.0014429978327825665,0.8595434427261353,0.0695648193359375
0.0014212671667337418,0.8530467748641968,0.0364377498626709
0.002130543813109398,1.0444321632385254,0.06827253103256226
0.004362662322819233,1.494551181793213,0.15283870697021484
0.004131498746573925,1.4544165134429932,0.13081467151641846
0.003437849460169673,1.3267173767089844,0.09387177228927612
0.0007745695766061544,0.6297456622123718,0.047057271003723145
0.0025349047500640154,1.1392414569854736,0.053435444831848145
0.0010592772159725428,0.7364441156387329,0.06570005416870117
0.00033369840821251273,0.4133443832397461,0.01124107837677002
0.0005871464964002371,0.5482873320579529,0.02595353126525879
0.0017798112239688635,0.9546011686325073,0.027679860591888428
0.001412246492691338,0.8503353595733643,0.05607593059539795
0.0030462462455034256,1.2488707304000854,0.09774845838546753
0.0009015729883685708,0.6794154644012451,0.0396040678024292
0.004020493943244219,1.4347448348999023,0.14807450771331787
0.003813805989921093,1.3973791599273682,0.10166239738464355
0.0014376750914379954,0.8579566478729248,0.05216854810714722
0.004240239039063454,1.473432183265686,0.09075528383255005
0.0013530515134334564,0.8323234915733337,0.08572518825531006
0.004965711385011673,1.5945043563842773,0.11012935638427734
0.001630250713787973,0.9136127829551697,0.059803664684295654
0.0020567013416439295,1.0261729955673218,0.0467151403427124
0.0016621436225250363,0.9225060939788818,0.033926963806152344
0.002065799431875348,1.028440237045288,0.07652688026428223
0.0033829007297754288,1.31607186794281,0.11114770174026489
0.019431307911872864,3.1541764736175537,0.3526274561882019
0.0007294996175915003,0.6111495494842529,0.03396201133728027
0.002441318240016699,1.118013858795166,0.05589282512664795
0.002600570907816291,1.1539031267166138,0.1097174882888794
0.0015630988636985421,0.8945986032485962,0.14632630348205566
0.003454485908150673,1.3299236297607422,0.07337594032287598
0.008225411176681519,2.0521721839904785,0.19885468482971191
0.003229181282222271,1.2858229875564575,0.12427496910095215
0.001212138100527227,0.7877910137176514,0.06084376573562622
0.005225706845521927,1.6357145309448242,0.12326633930206299
0.0018228590488433838,0.9660764932632446,0.08505284786224365
0.001615453395061195,0.9094570279121399,0.02883857488632202
0.0018267666455358267,0.9671114087104797,0.09583890438079834
0.00101140805054456,0.719611644744873,0.08718061447143555
0.0006377588142640889,0.5714302062988281,0.02061319351196289
0.0016013437416404486,0.9054766893386841,0.0651099681854248
0.0011129719205200672,0.7548785209655762,0.031791090965270996
0.0019257054664194584,0.9929558038711548,0.0781477689743042
0.0021253693848848343,1.0431630611419678,0.08314436674118042
0.0031985347159206867,1.2797069549560547,0.020775437355041504
0.0010139304213225842,0.7205083966255188,0.03740137815475464
0.006846550852060318,1.872280478477478,0.11122012138366699
0.0016773517709225416,0.9267168641090393,0.044179677963256836
0.0026338149327784777,1.1612550020217896,0.06609630584716797
0.001392329460941255,0.8443178534507751,0.06100970506668091
0.003401528112590313,1.319690227508545,0.13694489002227783
0.0018924778560176492,0.9843518733978271,0.043969571590423584
0.0037562535144388676,1.3867955207824707,0.08540499210357666
0.000513389939442277,0.5126944780349731,0.02272576093673706
0.001903001219034195,0.9870849251747131,0.0552670955657959
0.005609359126538038,1.694695234298706,0.2224276065826416
0.002511494792997837,1.1339688301086426,0.09270954132080078
0.0035702192690223455,1.352017879486084,0.24732840061187744
0.00044873752631247044,0.4793262183666229,0.022447586059570312
0.002256249077618122,1.074802041053772,0.06692695617675781
0.006059504579752684,1.761381983757019,0.08570384979248047
0.007297661155462265,1.9329776763916016,0.3167034387588501
0.0019898172467947006,1.0093494653701782,0.08199083805084229
0.0006633086013607681,0.5827640891075134,0.04218876361846924
0.003496236400678754,1.3379361629486084,0.11410313844680786
0.003669479861855507,1.3706836700439453,0.12472689151763916
0.005520764738321304,1.6812589168548584,0.130293071269989
0.0004620281688403338,0.486372709274292,0.0207405686378479
0.002604446606710553,1.154762625694275,0.052585482597351074
0.0020188321359455585,1.0166819095611572,0.05319511890411377
0.0010101626394316554,0.719168484210968,0.04174947738647461
0.0007518529891967773,0.6204423904418945,0.028219938278198242
0.0017375140450894833,0.9431899189949036,0.05555987358093262
0.002774034393951297,1.1917657852172852,0.050974488258361816
0.0013876976445317268,0.8429123163223267,0.036313414573669434
0.00494172889739275,1.5906492471694946,0.12803614139556885
0.002208699006587267,1.0634161233901978,0.08193069696426392
0.00277392053976655,1.1917413473129272,0.09108710289001465
0.002176005858927965,1.0555164813995361,0.0711965560913086
0.006074343807995319,1.7635374069213867,0.12956422567367554
0.004560554400086403,1.5280718803405762,0.07828080654144287
0.003250648733228445,1.2900899648666382,0.08481365442276001
0.002190344501286745,1.058988332748413,0.10432487726211548
0.0002907019224949181,0.38579708337783813,0.01045370101928711
0.001546374405734241,0.8897998332977295,0.06871086359024048
0.003705225419253111,1.3773436546325684,0.1349162459373474
0.0018714368343353271,0.9788644909858704,0.06631970405578613
0.0010080286301672459,0.7184084057807922,0.04055643081665039
0.0017730288673192263,0.952780544757843,0.07064098119735718
0.0012962035834789276,0.8146510124206543,0.07180726528167725
0.002177187241613865,1.0558029413223267,0.05795574188232422
0.006700520403683186,1.8522058725357056,0.15944433212280273
0.001988977426663041,1.009136438369751,0.06586146354675293
0.005060333758592606,1.6096245050430298,0.10218584537506104
0.0016273451037704945,0.912798285484314,0.08168202638626099
0.0015243422240018845,0.8834382891654968,0.030564486980438232
0.0015651967842131853,0.8951987028121948,0.06588566303253174
0.0014117152895778418,0.8501753807067871,0.021577417850494385
0.00035429932177066803,0.4259122610092163,0.006524384021759033
0.001229739747941494,0.7934902310371399,0.02516043186187744
0.0025085839442908764,1.1333115100860596,0.10603892803192139
0.004339719191193581,1.4906160831451416,0.11456286907196045
0.0012603708310052752,0.803311824798584,0.05348169803619385
0.001020339084789157,0.7227818369865417,0.04926490783691406
0.00026114360662177205,0.36565765738487244,0.009518742561340332
0.001429137890227139,0.8554055094718933,0.04028993844985962
0.0024445438757538795,1.1187522411346436,0.07187402248382568
0.001642950577661395,0.9171645045280457,0.07140886783599854
0.0010646821465343237,0.7383205890655518,0.09529846906661987
0.0033093360252678394,1.3016835451126099,0.10626780986785889
0.002598282415419817,1.1533952951431274,0.11130642890930176
0.0076162624172866344,1.9747217893600464,0.3384948968887329
0.0016968566924333572,0.9320893883705139,0.02754819393157959
0.0005646197823807597,0.5376665592193604,0.02003377676010132
0.001543925958685577,0.8890950679779053,0.05426520109176636
0.004080493003129959,1.4454108476638794,0.1679573655128479
0.0028587111737579107,1.2098182439804077,0.09111303091049194
0.002943512052297592,1.2276310920715332,0.0821121335029602
0.006284971721470356,1.7938520908355713,0.09223014116287231
0.0013192052720114589,0.8218473792076111,0.09628438949584961
0.00710678193718195,1.907530426979065,0.3023526668548584
0.0003841472207568586,0.44348999857902527,0.014123022556304932
0.001598140923306346,0.9045706987380981,0.10451710224151611
0.004202569834887981,1.4668728113174438,0.12520623207092285
0.01051954086869955,2.3207767009735107,0.2982857823371887
0.015724459663033485,2.8374149799346924,0.4296281337738037
0.01032177172601223,2.2988576889038086,0.37231314182281494
0.007857067510485649,2.0056965351104736,0.3290136456489563
0.0007332847453653812,0.6127330660820007,0.029360592365264893
0.0017392700538039207,0.943666398525238,0.09019863605499268
0.01053208950906992,2.322160482406616,0.35798388719558716
0.006857944652438164,1.8738377094268799,0.23293501138687134
0.006969223730266094,1.888979196548462,0.2027883529663086
0.00714586116373539,1.9127678871154785,0.23437261581420898
0.006323691923171282,1.79936945438385,0.22432464361190796
0.003183552995324135,1.276706337928772,0.20953905582427979
0.007773769553750753,1.9950363636016846,0.27312391996383667
0.0022628800943493843,1.0763803720474243,0.09755867719650269
0.012157982215285301,2.4949722290039062,0.48444902896881104
0.000422634941060096,0.46517640352249146,0.01820361614227295
0.005573314614593983,1.6892415285110474,0.1947718858718872
0.0072967191226780415,1.932852864265442,0.3342059850692749
0.005698421970009804,1.7080960273742676,0.17378032207489014
0.0016045039519667625,0.906369686126709,0.07299888134002686
0.004238557070493698,1.4731398820877075,0.10420757532119751
0.00630860636010766,1.7972218990325928,0.23561453819274902
0.0042083775624632835,1.467885971069336,0.21337652206420898
0.006173452828079462,1.7778661251068115,0.18296605348587036
0.0022397604770958424,1.0708675384521484,0.1351938247680664
0.011527355760335922,2.4294044971466064,0.28278690576553345
0.0010190058965235949,0.7223095297813416,0.03681385517120361
0.008870698511600494,2.1311492919921875,0.29766303300857544
0.00981094315648079,2.2412502765655518,0.34695911407470703
0.01202162355184555,2.4809415340423584,0.4061592221260071
0.005100901238620281,1.6160635948181152,0.1344301700592041
0.031006384640932083,3.9843780994415283,0.6163385510444641
0.0002734320587478578,0.3741620182991028,0.011882424354553223
0.011654590256512165,2.442775011062622,0.2808382511138916
0.003983658738434315,1.4281573295593262,0.23572230339050293
0.0018601140473037958,0.9758987426757812,0.14248239994049072
0.007087246980518103,1.904906988143921,0.18514132499694824
0.011805057525634766,2.458493232727051,0.2979087829589844
0.003998316824436188,1.430782437324524,0.19407999515533447
0.0011320853373035789,0.7613328099250793,0.056482553482055664
0.00437743728980422,1.4970797300338745,0.16087210178375244
0.006535119842737913,1.82920241355896,0.30174338817596436
0.016888344660401344,2.940549612045288,0.3484073877334595
0.00615808367729187,1.7756516933441162,0.24238044023513794
0.00489889457821846,1.583740472793579,0.17580604553222656
0.012325999327003956,2.512152910232544,0.48003673553466797
0.0008796124602667987,0.6710898280143738,0.0381169319152832
0.009756443090736866,2.2350165843963623,0.31825190782546997
0.007961739785969257,2.019012212753296,0.3126932978630066
0.008296694606542587,2.0610451698303223,0.284704327583313
0.014480739831924438,2.7228915691375732,0.3681286573410034
0.004671982955187559,1.5466270446777344,0.2416619062423706
0.0035191087517887354,1.342305302619934,0.2076338529586792
0.00682831322774291,1.8697850704193115,0.24799591302871704
0.014598970301449299,2.7339847087860107,0.40669143199920654
0.0033952007070183754,1.3184622526168823,0.23325836658477783
0.004354909993708134,1.493222713470459,0.17825263738632202
0.00901144091039896,2.147989273071289,0.3445136547088623
0.006300446577370167,1.796059250831604,0.24172616004943848
0.0001367625081911683,0.2646174728870392,0.006058454513549805
0.00811043195426464,2.037778377532959,0.25270509719848633
0.00675659254193306,1.8599395751953125,0.2224457859992981
0.006666569039225578,1.847507357597351,0.2609914541244507
0.004794801585376263,1.5668243169784546,0.11559391021728516
0.0003843967861030251,0.443634033203125,0.020709514617919922
0.00960956048220396,2.2181286811828613,0.2968258857727051
0.00897499080747366,2.1436407566070557,0.28162407875061035
0.0052579063922166824,1.6407462358474731,0.3319505453109741
0.004538636654615402,1.5243955850601196,0.16405272483825684
0.0031218219082802534,1.2642676830291748,0.2069401741027832
0.005856787785887718,1.7316683530807495,0.22232681512832642
0.0047244718298316,1.5552908182144165,0.1990048885345459
0.0046961139887571335,1.5506161451339722,0.31324446201324463
0.011029738932847977,2.376389265060425,0.498296856880188
0.012761298567056656,2.556126832962036,0.3688448667526245
0.005325602367520332,1.6512748003005981,0.23543405532836914
0.0005206373753026128,0.516300618648529,0.022035717964172363
0.000774460262618959,0.6297012567520142,0.022080659866333008
0.010934707708656788,2.3661298751831055,0.38436222076416016
0.009613614529371262,2.2185964584350586,0.3353281021118164
0.0036799004301428795,1.3726284503936768,0.18610036373138428
0.007431918289512396,1.9506773948669434,0.18638992309570312
0.007375727407634258,1.943289041519165,0.2809374928474426
0.007668640464544296,1.9815003871917725,0.24217849969863892
0.016637302935123444,2.918612480163574,0.43612635135650635
0.007984640076756477,2.021913766860962,0.2707332372665405
0.013868034817278385,2.6646640300750732,0.3114967346191406
0.007700818590819836,1.985653281211853,0.2466234564781189
0.004196174442768097,1.4657561779022217,0.17290610074996948
0.00032568740425631404,0.40835273265838623,0.012541890144348145
0.0060198307037353516,1.7556062936782837,0.18696677684783936
0.0036319971550256014,1.3636651039123535,0.12250357866287231
0.006430367007851601,1.8144828081130981,0.28515785932540894
0.005787038244307041,1.7213261127471924,0.1783885955810547
0.005734136328101158,1.7134402990341187,0.20569294691085815
0.000535331666469574,0.5235358476638794,0.033236920833587646
0.007885562255978584,2.0093302726745605,0.24900805950164795
0.010071242228150368,2.270787477493286,0.2863737940788269
0.005097183398902416,1.6154744625091553,0.1806337833404541
0.012498962692916393,2.529717206954956,0.28964340686798096
0.008300043642520905,2.0614612102508545,0.28724074363708496
0.0029451828449964523,1.2279795408248901,0.11080121994018555
0.0036346204578876495,1.3641574382781982,0.15464049577713013
0.010512048378586769,2.3199501037597656,0.29170870780944824
0.01103187631815672,2.376619577407837,0.34048187732696533
0.002655923366546631,1.1661186218261719,0.10412800312042236
0.0015055742114782333,0.8779829144477844,0.05308544635772705
0.012256347574293613,2.505044937133789,0.390009343624115
0.0015631034038960934,0.8945998549461365,0.04065501689910889
0.0007926736725494266,0.6370627284049988,0.036769986152648926
0.00035072839818894863,0.42376047372817993,0.010338902473449707
0.006757436320185661,1.8600558042526245,0.2383136749267578
0.00967719778418541,2.225921154022217,0.2886132597923279
0.005207926034927368,1.6329293251037598,0.17714208364486694
0.001894064829684794,0.9847645163536072,0.11689889430999756
0.00842996221035719,2.0775322914123535,0.3158910274505615
0.00503934919834137,1.6062835454940796,0.2713358402252197
0.002294371370226145,1.0838441848754883,0.09986543655395508
0.004343248903751373,1.4912221431732178,0.23156380653381348
0.0006125702639110386,0.5600321292877197,0.02510899305343628
0.007501903455704451,1.9598404169082642,0.28415215015411377
0.005026253871619701,1.6041951179504395,0.19694417715072632
0.006311725825071335,1.7976661920547485,0.28441905975341797
0.008035681210458279,2.0283660888671875,0.16421258449554443
0.013413711450994015,2.620652675628662,0.4502371549606323
